-- --------------------------------------------------------
-- Host:                         127.0.0.1
-- Server version:               10.1.16-MariaDB - mariadb.org binary distribution
-- Server OS:                    Win32
-- HeidiSQL Version:             9.3.0.4984
-- --------------------------------------------------------

/*!40101 SET @OLD_CHARACTER_SET_CLIENT=@@CHARACTER_SET_CLIENT */;
/*!40101 SET NAMES utf8mb4 */;
/*!40014 SET @OLD_FOREIGN_KEY_CHECKS=@@FOREIGN_KEY_CHECKS, FOREIGN_KEY_CHECKS=0 */;
/*!40101 SET @OLD_SQL_MODE=@@SQL_MODE, SQL_MODE='NO_AUTO_VALUE_ON_ZERO' */;

-- Dumping database structure for vnfinder
CREATE DATABASE IF NOT EXISTS `vnfinder` /*!40100 DEFAULT CHARACTER SET utf8 */;
USE `vnfinder`;


-- Dumping structure for table vnfinder.chitietdichvu
CREATE TABLE IF NOT EXISTS `chitietdichvu` (
  `MaChiTiet` int(11) NOT NULL AUTO_INCREMENT,
  `Ten` varchar(255) DEFAULT NULL,
  `GiaTien` int(11) DEFAULT NULL,
  `ChuThich` longtext,
  PRIMARY KEY (`MaChiTiet`)
) ENGINE=InnoDB AUTO_INCREMENT=1001 DEFAULT CHARSET=utf8;

-- Dumping data for table vnfinder.chitietdichvu: ~1,000 rows (approximately)
/*!40000 ALTER TABLE `chitietdichvu` DISABLE KEYS */;
INSERT INTO `chitietdichvu` (`MaChiTiet`, `Ten`, `GiaTien`, `ChuThich`) VALUES
	(1, 'Phòng đặc biệt (sáng)', 40000, NULL),
	(2, 'Phòng đặc biệt (tối)', 80000, NULL),
	(3, 'Phòng nhỏ (lớn)', 40000, NULL),
	(4, 'Phòng nhỏ (tối)', 60000, NULL),
	(5, 'Phòng víp (sáng)', 60000, NULL),
	(6, 'Phòng víp (tối)', 120000, NULL),
	(7, 'Phòng vip lớn', 150000, NULL),
	(8, 'Phòng đặc biệt', 100000, NULL),
	(9, 'Phòng thường', 60000, NULL),
	(10, 'Phòng víp ', 150000, NULL),
	(11, 'Snack', 20000, NULL),
	(12, 'Nước suối', 20000, NULL),
	(13, 'Nước ngọt', 25000, NULL),
	(14, ' Bia 333', 25000, NULL),
	(15, 'Sai Gòn', 25000, NULL),
	(16, 'Heineken', 30000, NULL),
	(17, 'Phòng lớn', 200000, NULL),
	(18, 'Phòng nhỏ', 150000, NULL),
	(19, 'Snack', 20000, NULL),
	(20, 'Nước suối', 20000, NULL),
	(21, 'Nước ngọt', 25000, NULL),
	(22, ' Bia 333', 25000, NULL),
	(23, 'Sai Gòn', 25000, NULL),
	(24, 'Heineken', 30000, NULL),
	(25, 'Mít khô', 20000, NULL),
	(26, 'Phòng đặc biệt (sáng)', 40000, NULL),
	(27, 'Phòng đặc biệt (tối)', 80000, NULL),
	(28, 'Phòng nhỏ (lớn)', 40000, NULL),
	(29, 'Phòng nhỏ (tối)', 60000, NULL),
	(30, 'Phòng víp (sáng)', 60000, NULL),
	(31, 'Phòng víp (tối)', 120000, NULL),
	(32, 'Nước ngọt', 20000, NULL),
	(33, ' Bia 333', 22000, NULL),
	(34, 'Sai Gòn', 20000, NULL),
	(35, 'Heineken', 25000, NULL),
	(36, 'Phòng thường (sáng)', 100000, NULL),
	(37, 'Phòng thường (tối)', 130000, NULL),
	(38, 'Phòng vip (sáng )', 130000, NULL),
	(39, 'Phòng vip (tối)', 160000, NULL),
	(40, 'coca cola', 15000, NULL),
	(41, 'Twister', 15000, NULL),
	(42, 'Khoai sấy', 15000, NULL),
	(43, 'Khăn lạnh', 10000, NULL),
	(44, 'Hoa quả', 40000, NULL),
	(45, 'Sai Gòn', 25000, NULL),
	(46, 'Heineken', 30000, NULL),
	(47, 'Phòng thường', 100000, NULL),
	(48, 'Phòng Vip nhỏ', 140000, NULL),
	(49, 'Phòng Vip lớn', 180000, NULL),
	(50, 'Sinh tố', 25000, NULL),
	(51, 'Nước chanh', 20000, NULL),
	(52, 'coca cola', 20000, NULL),
	(53, 'Twister', 20000, NULL),
	(54, 'Khoai sấy', 20000, NULL),
	(55, 'Khăn lạnh', 10000, NULL),
	(56, 'Hoa quả', 40000, NULL),
	(57, 'Sai Gòn', 25000, NULL),
	(58, 'Heineken', 30000, NULL),
	(59, 'Phòng thường', 100000, NULL),
	(60, 'Phòng Vip nhỏ', 140000, NULL),
	(61, 'Phòng Vip lớn', 180000, NULL),
	(62, 'Sinh tố', 25000, NULL),
	(63, 'Nước chanh', 20000, NULL),
	(64, 'coca cola', 20000, NULL),
	(65, 'Twister', 20000, NULL),
	(66, 'Khoai sấy', 20000, NULL),
	(67, 'Khăn lạnh', 10000, NULL),
	(68, 'Hoa quả', 40000, NULL),
	(69, 'Sai Gòn', 25000, NULL),
	(70, 'Heineken', 30000, NULL),
	(71, 'Phòng đặc biệt (sáng)', 40000, NULL),
	(72, 'Phòng đặc biệt (tối)', 80000, NULL),
	(73, 'Phòng nhỏ (lớn)', 40000, NULL),
	(74, 'Phòng nhỏ (tối)', 60000, NULL),
	(75, 'Khoai sấy', 20000, NULL),
	(76, 'Khăn lạnh', 10000, NULL),
	(77, 'Hoa quả', 40000, NULL),
	(78, 'Sai Gòn', 25000, NULL),
	(79, 'Heineken', 30000, NULL),
	(80, 'Nước suối', 20000, NULL),
	(81, ' Bia 333', 25000, NULL),
	(82, 'Phòng thường', 100000, NULL),
	(83, 'Phòng đặc biệt', 130000, NULL),
	(84, 'Phòng Vip', 180000, NULL),
	(85, 'Sinh tố', 25000, NULL),
	(86, 'Nước chanh', 20000, NULL),
	(87, 'coca cola', 20000, NULL),
	(88, 'Twister', 20000, NULL),
	(89, 'Khô bò', 60000, NULL),
	(90, 'Khăn lạnh', 10000, NULL),
	(91, 'Hoa quả', 40000, NULL),
	(92, 'Sai Gòn', 25000, NULL),
	(93, 'Heineken', 30000, NULL),
	(94, 'Phòng thường', 100000, NULL),
	(95, 'Phòng đặc biệt', 130000, NULL),
	(96, 'Phòng Vip', 180000, NULL),
	(97, 'Sinh tố', 25000, NULL),
	(98, 'Nước chanh', 20000, NULL),
	(99, 'coca cola', 20000, NULL),
	(100, 'Twister', 20000, NULL),
	(101, 'Khô bò', 60000, NULL),
	(102, 'Khăn lạnh', 10000, NULL),
	(103, 'Hoa quả', 40000, NULL),
	(104, 'Sai Gòn', 25000, NULL),
	(105, 'Heineken', 30000, NULL),
	(106, 'Phòng đặc biệt (sáng)', 40000, NULL),
	(107, 'Phòng đặc biệt (tối)', 80000, NULL),
	(108, 'Phòng nhỏ (lớn)', 40000, NULL),
	(109, 'Phòng nhỏ (tối)', 60000, NULL),
	(110, 'Phòng víp (sáng)', 60000, NULL),
	(111, 'Phòng víp (tối)', 120000, NULL),
	(112, 'Sai Gòn', 25000, NULL),
	(113, 'Heineken', 30000, NULL),
	(114, 'Khô bò', 60000, NULL),
	(115, 'Phòng thường', 100000, NULL),
	(116, 'Phòng Vip nhỏ', 140000, NULL),
	(117, 'Phòng Vip lớn', 180000, NULL),
	(118, 'Sinh tố', 25000, NULL),
	(119, 'Nước chanh', 20000, NULL),
	(120, ' Bia 333', 25000, NULL),
	(121, 'Sai Gòn', 25000, NULL),
	(122, 'Heineken', 30000, NULL),
	(123, 'Khô bò', 60000, NULL),
	(124, 'Phòng nhỏ (lớn)', 50000, NULL),
	(125, 'Phòng nhỏ (tối)', 80000, NULL),
	(126, 'Phòng víp (sáng)', 80000, NULL),
	(127, 'Phòng víp (tối)', 150000, NULL),
	(128, 'Twister', 20000, NULL),
	(129, 'Khô bò', 60000, NULL),
	(130, 'Khăn lạnh', 10000, NULL),
	(131, 'Hoa quả', 40000, NULL),
	(132, 'Sai Gòn', 25000, NULL),
	(133, ' Bia 333', 25000, NULL),
	(134, 'Phòng đặc biệt (sáng)', 40000, NULL),
	(135, 'Phòng đặc biệt (tối)', 80000, NULL),
	(136, 'Phòng nhỏ (lớn)', 40000, NULL),
	(137, 'Phòng nhỏ (tối)', 60000, NULL),
	(138, 'Phòng víp (sáng)', 60000, NULL),
	(139, 'Phòng víp (tối)', 120000, NULL),
	(140, 'Sai Gòn', 25000, NULL),
	(141, 'Heineken', 30000, NULL),
	(142, 'Khô bò', 60000, NULL),
	(143, 'Phòng đặc biệt', 100000, NULL),
	(144, 'Phòng thường', 60000, NULL),
	(145, 'Phòng víp ', 150000, NULL),
	(146, 'Snack', 20000, NULL),
	(147, 'Nước suối', 20000, NULL),
	(148, 'Nước ngọt', 25000, NULL),
	(149, ' Bia 333', 25000, NULL),
	(150, 'Sai Gòn', 25000, NULL),
	(151, 'Heineken', 30000, NULL),
	(152, 'Khăn lạnh', 10000, NULL),
	(153, 'Khô bò', 60000, NULL),
	(154, 'Phòng nhỏ (lớn)', 50000, NULL),
	(155, 'Phòng nhỏ (tối)', 80000, NULL),
	(156, 'Phòng víp (sáng)', 80000, NULL),
	(157, 'Phòng víp (tối)', 150000, NULL),
	(158, 'Twister', 20000, NULL),
	(159, 'Khô bò', 60000, NULL),
	(160, 'Khăn lạnh', 10000, NULL),
	(161, 'Hoa quả', 40000, NULL),
	(162, 'Sai Gòn', 25000, NULL),
	(163, ' Bia 333', 25000, NULL),
	(164, 'Phòng đặc biệt', 150000, NULL),
	(165, 'Phòng thường', 100000, NULL),
	(166, 'Phòng víp ', 200000, NULL),
	(167, 'Snack', 20000, NULL),
	(168, 'Nước suối', 20000, NULL),
	(169, 'Nước ngọt', 25000, NULL),
	(170, ' Bia 333', 28000, NULL),
	(171, 'Sai Gòn', 25000, NULL),
	(172, 'Heineken', 30000, NULL),
	(173, 'Khăn lạnh', 10000, NULL),
	(174, 'Khô bò', 60000, NULL),
	(175, 'Phòng nhỏ (lớn)', 50000, NULL),
	(176, 'Phòng nhỏ (tối)', 80000, NULL),
	(177, 'Phòng víp (sáng)', 80000, NULL),
	(178, 'Phòng víp (tối)', 150000, NULL),
	(179, 'Twister', 20000, NULL),
	(180, 'Khô bò', 60000, NULL),
	(181, 'Khăn lạnh', 10000, NULL),
	(182, 'Hoa quả', 40000, NULL),
	(183, 'Sai Gòn', 25000, NULL),
	(184, ' Bia 333', 25000, NULL),
	(185, 'Heineken', 30000, NULL),
	(186, 'Phòng thường', 100000, NULL),
	(187, 'Phòng víp ', 200000, NULL),
	(188, 'Nước suối', 20000, NULL),
	(189, 'Nước ngọt', 25000, NULL),
	(190, ' Bia 333', 28000, NULL),
	(191, 'Sai Gòn', 25000, NULL),
	(192, 'Heineken', 30000, NULL),
	(193, 'Khăn lạnh', 10000, NULL),
	(194, 'Khô bò', 60000, NULL),
	(195, 'Chanh tươi', 30000, NULL),
	(196, 'Loai 1', 600000, NULL),
	(197, 'Loai 2', 500000, NULL),
	(198, 'Loai 3', 400000, NULL),
	(199, 'Loai 4', 300000, NULL),
	(200, 'Suite 1 người', 500000, NULL),
	(201, 'Suite 2 người', 600000, NULL),
	(202, 'Deluxe 1 người', 400000, NULL),
	(203, 'Deluxe 2 người', 500000, NULL),
	(204, 'Superior 1 người', 350000, NULL),
	(205, 'Superior 2 người', 400000, NULL),
	(206, 'Standard 1 người', 320000, NULL),
	(207, 'Standard 2 người', 350000, NULL),
	(208, 'Phòng thường', 400000, NULL),
	(209, 'Phòng đặc biệt', 500000, NULL),
	(210, 'Phòng VIP', 600000, NULL),
	(211, 'Phòng giường đôi', 650000, NULL),
	(212, 'Phòng thường', 400000, NULL),
	(213, 'Phòng đặc biệt', 500000, NULL),
	(214, 'Phòng VIP', 600000, NULL),
	(215, 'Phòng giường đôi', 650000, NULL),
	(216, 'Suite 1 người', 500000, NULL),
	(217, 'Suite 2 người', 600000, NULL),
	(218, 'Deluxe 1 người', 400000, NULL),
	(219, 'Deluxe 2 người', 500000, NULL),
	(220, 'Superior 1 người', 350000, NULL),
	(221, 'Superior 2 người', 400000, NULL),
	(222, 'Standard 1 người', 320000, NULL),
	(223, 'Standard 2 người', 350000, NULL),
	(224, 'Phòng thường', 400000, NULL),
	(225, 'Phòng đặc biệt', 500000, NULL),
	(226, 'Phòng VIP', 600000, NULL),
	(227, 'Loai 1', 700000, NULL),
	(228, 'Loai 2', 600000, NULL),
	(229, 'Loai 3', 450000, NULL),
	(230, 'Loai 4', 300000, NULL),
	(231, 'Suite 1 người', 600000, NULL),
	(232, 'Suite 2 người', 700000, NULL),
	(233, 'Deluxe 1 người', 450000, NULL),
	(234, 'Deluxe 2 người', 500000, NULL),
	(235, 'Superior 1 người', 400000, NULL),
	(236, 'Superior 2 người', 450000, NULL),
	(237, 'Standard 1 người', 320000, NULL),
	(238, 'Standard 2 người', 350000, NULL),
	(239, 'Phòng thường', 400000, NULL),
	(240, 'Phòng đặc biệt', 550000, NULL),
	(241, 'Phòng VIP', 650000, NULL),
	(242, 'Phòng giường đôi', 700000, NULL),
	(243, 'Phòng thường', 400000, NULL),
	(244, 'Phòng đặc biệt', 500000, NULL),
	(245, 'Phòng VIP', 600000, NULL),
	(246, 'Suite 1 người', 600000, NULL),
	(247, 'Suite 2 người', 650000, NULL),
	(248, 'Deluxe 1 người', 450000, NULL),
	(249, 'Deluxe 2 người', 500000, NULL),
	(250, 'Superior 1 người', 400000, NULL),
	(251, 'Superior 2 người', 450000, NULL),
	(252, 'Standard 1 người', 350000, NULL),
	(253, 'Standard 2 người', 400000, NULL),
	(254, 'Phòng thường', 400000, NULL),
	(255, 'Phòng đặc biệt', 550000, NULL),
	(256, 'Phòng VIP', 650000, NULL),
	(257, 'Phòng giường đôi', 700000, NULL),
	(258, 'Phòng thường', 500000, NULL),
	(259, 'Phòng đặc biệt', 650000, NULL),
	(260, 'Phòng VIP', 750000, NULL),
	(261, 'Phòng giường đôi', 750000, NULL),
	(262, 'Loai 1', 650000, NULL),
	(263, 'Loai 2', 550000, NULL),
	(264, 'Loai 3', 450000, NULL),
	(265, 'Loai 4', 300000, NULL),
	(266, 'Loai 1', 800000, NULL),
	(267, 'Loai 2', 650000, NULL),
	(268, 'Loai 3', 450000, NULL),
	(269, 'Loai 4', 300000, NULL),
	(270, 'Phòng Loại 1', 700000, NULL),
	(271, 'Phòng loại 2', 500000, NULL),
	(272, 'Phòng loại 3', 400000, NULL),
	(273, 'Phòng loại 4', 350000, NULL),
	(274, 'SUITE', 750000, NULL),
	(275, 'DELUXE', 500000, NULL),
	(276, 'SUPERIOR', 440000, NULL),
	(277, 'STANDARD', 400000, NULL),
	(278, 'Phòng thường', 250000, NULL),
	(279, 'Phòng đặc biệt', 280000, NULL),
	(280, 'Phòng V.I.P ', 320000, NULL),
	(281, 'Phòng Đôi 2 giường', 350000, NULL),
	(282, 'Deluxe', 3200000, NULL),
	(283, 'Executive Deluxe', 3600000, NULL),
	(284, 'First E.Deluxe', 4000000, NULL),
	(285, 'Junior Suite', 4600000, NULL),
	(286, 'Suite', 5400000, NULL),
	(287, 'Romance', 300000, NULL),
	(288, 'Boutique', 400000, NULL),
	(289, 'Thường ', 350000, '1 Ngày'),
	(290, 'Thường ', 60000, '1 Giờ'),
	(291, 'Đặc biệt', 80000, '1 giờ'),
	(292, 'Vip', 450000, '1 Ngày'),
	(293, 'Đặc biệt', 400000, '1 Ngày'),
	(294, 'Vip', 100000, '1 giờ'),
	(295, 'SUITE', 700000, NULL),
	(296, 'DELUXE', 650000, NULL),
	(297, 'SUPERIOR', 450000, NULL),
	(298, 'STANDARD', 300000, NULL),
	(299, 'Phòng thường', 100000, '1 Giờ'),
	(300, 'Phòng đặc biệt', 150000, '1 Giờ'),
	(301, 'Phòng Vip', 200000, '1 Giờ'),
	(302, 'Phòng thường', 400000, NULL),
	(303, 'Phòng đặc biệt', 450000, NULL),
	(304, 'Phòng Vip', 600000, NULL),
	(305, 'DELUXE', 3000000, NULL),
	(306, 'Executive Deluxe', 3200000, NULL),
	(307, 'First E.Deluxe', 4000000, NULL),
	(308, 'Romance', 200000, NULL),
	(309, 'Boutique', 250000, NULL),
	(310, 'Phòng thường', 100000, NULL),
	(311, 'Phòng đặc biệt', 150000, NULL),
	(312, 'Phòng Vip', 200000, NULL),
	(313, 'SUITE', 800000, NULL),
	(314, 'DELUXE', 600000, NULL),
	(315, 'SUPERIOR', 550000, NULL),
	(316, 'STANDARD', 450000, NULL),
	(317, 'Phòng thường', 150000, NULL),
	(318, 'Phòng thường', 60000, '1 giờ'),
	(319, 'Phòng đặc biệt', 200000, '1 ngày'),
	(320, 'Phòng đặc biệt', 80000, '1 giờ'),
	(321, 'Phòng vip', 250000, '1 ngày'),
	(322, 'Phòng vip', 100000, '1 giờ'),
	(323, 'Phòng loại 1', 350000, '1 ngày'),
	(324, 'Phòng loại 2', 300000, NULL),
	(325, 'Phòng loại 3', 250000, NULL),
	(326, 'Phòng loại 4', 200000, NULL),
	(327, 'Phòng thường', 200000, NULL),
	(328, 'Phòng đặc biệt', 250000, NULL),
	(329, 'Phòng VIP', 300000, NULL),
	(330, 'Romance', 300000, NULL),
	(331, 'Boutique', 350000, NULL),
	(332, 'Phòng thường', 300000, NULL),
	(333, 'Phòng thương', 50000, '1 giờ'),
	(334, 'Phòng đặc biệt', 350000, '1 ngày'),
	(335, 'Phòng đặc biệt', 80000, '1 giờ'),
	(336, 'Phòng VIP', 500000, '1 ngày'),
	(337, 'Phòng vip', 100000, '1 giờ'),
	(338, 'SUITE', 600000, '1 ngày'),
	(339, 'DELUXE', 550000, NULL),
	(340, 'SUPERIOR', 400000, NULL),
	(341, 'STANDARD', 350000, NULL),
	(342, 'Phòng thường', 200000, NULL),
	(343, 'Phòng đặc biệt', 250000, NULL),
	(344, 'Phòng vip', 300000, NULL),
	(345, 'Phòng loại 1', 300000, NULL),
	(346, 'Phòng loại 1', 150000, '1 giờ '),
	(347, 'Phòng loại 2', 250000, '1 ngày'),
	(348, 'Phòng loại 2', 120000, '1 giờ'),
	(349, 'Phòng loại 3', 200000, '1 ngày'),
	(350, 'Phòng loại 3', 100000, '1 giờ'),
	(351, 'Phòng loại 4', 150000, '1 ngày'),
	(352, 'Phòng loại 4', 80000, '1 giờ'),
	(353, 'SUITE', 500000, NULL),
	(354, 'DELUXE', 450000, NULL),
	(355, 'SUPERIOR', 400000, NULL),
	(356, 'STANDARD', 350000, NULL),
	(357, 'Phòng thường', 150000, NULL),
	(358, 'Phòng đặc biệt', 200000, NULL),
	(359, 'Phòng vip', 250000, NULL),
	(360, 'Phòng loại 1', 200000, NULL),
	(361, 'Phòng loại 2', 150000, NULL),
	(362, 'Phòng loại 3', 120000, NULL),
	(363, 'Phòng loại 4', 100000, NULL),
	(364, 'SUITE', 700000, NULL),
	(365, 'DELUXE', 650000, NULL),
	(366, 'SUPERIOR', 500000, NULL),
	(367, 'STANDARD', 400000, NULL),
	(368, 'Phòng thường', 250000, NULL),
	(369, 'Phòng thường', 60000, '1 giờ'),
	(370, 'Phòng đặc biệt', 280000, '1 ngày'),
	(371, 'Phòng đặc biệt', 80000, '1 giờ'),
	(372, 'Phòng V.I.P ', 320000, '1 ngày'),
	(373, 'Phòng V.I.P ', 100000, '1 giờ'),
	(374, 'Phòng Đôi 2 giường', 350000, '1 ngày'),
	(375, 'SUITE', 800000, NULL),
	(376, 'DELUXE', 700000, NULL),
	(377, 'SUPERIOR', 650000, NULL),
	(378, 'STANDARD', 500000, NULL),
	(379, 'Phòng loại 1', 50000, '1 giờ '),
	(380, 'Phòng loại 2', 80000, '1 giờ '),
	(381, 'Phòng loại 3', 100000, '1 giờ '),
	(382, 'Phòng loại 1', 80000, '1 giờ '),
	(383, 'Phòng loại 2', 100000, '1 giờ '),
	(384, 'Phòng loại 3', 120000, '1 giờ '),
	(385, 'Phòng loại 4', 150000, '1 giờ '),
	(386, 'Phòng loại 1', 100000, '1 giờ '),
	(387, 'Phòng loại 2', 120000, '1 giờ '),
	(388, 'Phòng loại 3', 140000, '1 giờ '),
	(389, 'Phòng loại 4', 160000, '1 giờ'),
	(390, 'Chả giò tôm', 49000, NULL),
	(391, 'Gỏi xoài tôm khô', 39000, NULL),
	(392, 'Gỏi xoài cá sặc', 49000, NULL),
	(393, 'Khoai tây chiên', 29000, NULL),
	(394, 'Rau muống xào tỏi', 29000, NULL),
	(395, 'Đậu bắp luộc', 29000, NULL),
	(396, 'đậu hủ chiên giòn', 29000, NULL),
	(397, 'Kho qua xào trứng', 29000, NULL),
	(398, 'Khổ qua chà bông', 29000, NULL),
	(399, 'Móng heo chiên giòn', 49000, NULL),
	(400, 'Bông cải xào tỏi', 49000, NULL),
	(401, 'Cháo lươn môn', 59000, NULL),
	(402, 'Cháo hải sản', 59000, NULL),
	(403, 'Cháo bò bằm', 59000, NULL),
	(404, 'Cháo nghêu', 59000, NULL),
	(405, 'Hủ tiếu xương ', 40000, NULL),
	(406, 'Hủ tiếu gà', 45000, NULL),
	(407, 'Hủ tiếu thập cẩm ', 50000, NULL),
	(408, 'Hủ tiếu Nam Vang', 60000, NULL),
	(409, 'Cơm dương châu', 20000, NULL),
	(410, 'Cơm Dương Châu gà xé', 24000, NULL),
	(411, 'Cơm Dương Châu  Xúc Xích', 24000, NULL),
	(412, 'Cơm Dương Châu Chả Cá', 24000, NULL),
	(413, 'Cơm Dương Châu Cánh Gà', 27000, NULL),
	(414, 'Cơm Dương Châu Xào Bò', 27000, NULL),
	(415, 'Cơm Dương Châu Đùi Tỏi', 30000, NULL),
	(416, 'Cơm Dương Châu Cua', 33000, NULL),
	(417, 'Cơm Dương Châu Tôm', 33000, NULL),
	(418, 'Cơm Dương Châu bò lúc lắc', 35000, NULL),
	(419, 'Cơm Dương Châu Hải Sản', 33000, NULL),
	(420, 'Cơm Chiên Da Gà', 15000, NULL),
	(421, 'Cơm Dương Châu Da Gà', 24000, NULL),
	(422, 'Cơm Chiên Gà Xé', 17000, NULL),
	(423, 'Cơm Chiên Chả Cá', 17000, NULL),
	(424, 'Cơm Chiên Cánh Gà', 20000, NULL),
	(425, 'Cơm Chiên Đùi Tỏi', 22000, NULL),
	(426, 'Cơm Chiên Xúc Xích', 17000, NULL),
	(427, 'Cơm Sườn', 22000, NULL),
	(428, 'Cơm Sườn, Chả', 25000, NULL),
	(429, 'Cơm Chả, Bì ', 15000, NULL),
	(430, 'Cơm thêm ', 2000, NULL),
	(431, 'Cơm chay', 20000, NULL),
	(432, 'CHÁO LƯƠNG MÔN', 59000, NULL),
	(433, 'CHÁO HẢI SẢN', 59000, NULL),
	(434, 'CHÁO BÒ BẰM', 59000, NULL),
	(435, 'CHÁO NGHÊU', 59000, NULL),
	(436, 'CHÁO TÔM', 59000, NULL),
	(437, 'CHÁO GÀ', 59000, NULL),
	(438, 'CHÁO CÁ MiỀN TÂY', 69000, NULL),
	(439, 'BẦU LuỘC TRỨNG', 69000, NULL),
	(440, 'CẢI THÌA LuỘC XÀO', 29000, NULL),
	(441, 'THIÊN LÝ XÀO TỎI', 39000, NULL),
	(442, 'THIÊN LÝ XÀO BÒ', 59000, NULL),
	(443, 'CẢI XANH XÀO BÒ', 59000, NULL),
	(444, 'CẦN NƯỚC XÀO TỎI', 38000, NULL),
	(445, 'CẦN NƯỚC XÀO BÒ', 80000, NULL),
	(446, 'MƯỚP HƯƠNG XÀO TỎI', 29000, NULL),
	(447, 'XÀ LÁCH TRỘN DẦU DẤM', 39000, NULL),
	(448, 'XÀ LÁCH XOONG BÒ TRỨNG', 59000, NULL),
	(449, 'GỎI NHỚ RỪNG', 75000, NULL),
	(450, 'GỎI BAO TỬ', 62000, NULL),
	(451, 'GỎI TiẾN VUA TÔM THỊT', 75000, NULL),
	(452, 'GỎI CŨ HŨ DỪA TÔM THỊT', 70000, NULL),
	(453, 'GỎI NGÒ SEN TÔM THỊT', 70000, NULL),
	(454, 'GỎI BỒN BỒN TÔM THỊT', 70000, NULL),
	(455, 'SOUP BÒ NHỚ RỪNG', 25000, NULL),
	(456, 'SOUP CUA', 20000, NULL),
	(457, 'SOUP MĂNG TÂY CUA', 20000, NULL),
	(458, 'SOUP BẦU NẤU CUA', 20000, NULL),
	(459, 'CHẢ GIÒ NHỚ RỪNG', 68000, NULL),
	(460, 'CHẢ CÁ THÌ LÀ', 73000, NULL),
	(461, 'CHẢ CÁ LĂNG NƯỚNG', 130000, NULL),
	(462, 'LẨU THẬP CẨM', 99000, NULL),
	(463, 'LẨU HẢI SẢN', 99000, NULL),
	(464, 'LẨU THÁI', 109000, NULL),
	(465, 'LẨU TÔM', 129000, NULL),
	(466, 'LẨU LƯƠN', 99000, NULL),
	(467, 'LẨU CÁ NGÁT MĂNG CHUA', 99000, NULL),
	(468, 'LẨU ĐẦU CÁ HỒI', 99000, NULL),
	(469, 'LẨU CÁ DIÊU HỒNG', 109000, NULL),
	(470, 'LẨU NẤM HẢI SẢN', 239000, NULL),
	(471, 'LẨU CÁ KÈO', 139000, NULL),
	(472, 'HEINEKEN', 18000, NULL),
	(473, 'TIGER', 14000, NULL),
	(474, '333', 13000, NULL),
	(475, 'SÀI GÒN ĐỎ', 11000, NULL),
	(476, 'LARUE LON', 12000, NULL),
	(477, 'LARUE EXPORT', 11000, NULL),
	(478, 'GỎI NHỚ RỪNG', 75000, NULL),
	(479, 'GỎI BAO TỬ', 62000, NULL),
	(480, 'GỎI TiẾN VUA TÔM THỊT', 75000, NULL),
	(481, 'GỎI CŨ HŨ DỪA TÔM THỊT', 70000, NULL),
	(482, 'GỎI NGÒ SEN TÔM THỊT', 70000, NULL),
	(483, 'GỎI BỒN BỒN TÔM THỊT', 70000, NULL),
	(484, 'GỎI MỰC TRỘN KiỂU THÁI', 69000, NULL),
	(485, 'GỎI CẢI MẦM CÁ MÒI', 69000, NULL),
	(486, 'GỎI CÁ MĂM BÒ XÀO', 65000, NULL),
	(487, 'GỎI XOÀI TÔM KHÔ', 69000, NULL),
	(488, 'GỎI XOÀI KHÔ SẶC', 69000, NULL),
	(489, 'GỎI BÒ BÓP THẤU', 76000, NULL),
	(490, 'KHỔ QUA CHÀ BÔNG', 55000, NULL),
	(491, 'MÌ XÀO HẢI SẢN', 59000, NULL),
	(492, 'MÌ XÀO GIÒN', 59000, NULL),
	(493, 'MÌ XÀO THẬP CẨM', 59000, NULL),
	(494, 'BÚN XÀO SINGAPORE', 59000, NULL),
	(495, 'BÚN XÀO HẢI SẢN', 75000, NULL),
	(496, 'BÒ BÍT TẾT KHOAI TÂY', 75000, NULL),
	(497, 'KHOAI TÂY CHIÊN', 75000, NULL),
	(498, 'CÁNH/ĐÙI GÀ NƯỚNG MuỐI Ớt', 59000, NULL),
	(499, 'CÁNH/ĐÙI GÀ NƯỚNG NGŨ VỊ', 59000, NULL),
	(500, 'BỘT CHIÊN TRỨNG', 20000, NULL),
	(501, 'BỘT CHIÊN XÀO BÒ', 17000, NULL),
	(502, 'BỘT CHIÊN XÀO BÒ TRỨNG', 24000, NULL),
	(503, 'NUI CHIÊN TRỨNG', 30000, NULL),
	(504, 'NUI XÀO BÒ', 28000, NULL),
	(505, 'NUI XÀO CHẢ CÁ', 30000, NULL),
	(506, 'NUI XÀO BÒ TRỨNG', 30000, NULL),
	(507, 'NUI XÀO XÚC XÍCH', 30000, NULL),
	(508, 'NUI XÀO CÁNH GÀ', 30000, NULL),
	(509, 'NUI XÀO ĐÙI TỎI', 28000, NULL),
	(510, 'NUI XÀO TÔM', 28000, NULL),
	(511, 'BỘT CHIÊN TRỨNG', 20000, NULL),
	(512, 'BỘT CHIÊN XÀO BÒ', 17000, NULL),
	(513, 'BỘT CHIÊN XÀO BÒ TRỨNG', 24000, NULL),
	(514, 'NUI CHIÊN TRỨNG', 30000, NULL),
	(515, 'NUI XÀO BÒ', 28000, NULL),
	(516, 'NUI XÀO CHẢ CÁ', 30000, NULL),
	(517, 'NUI XÀO BÒ TRỨNG', 30000, NULL),
	(518, 'NUI XÀO XÚC XÍCH', 30000, NULL),
	(519, 'NUI XÀO CÁNH GÀ', 30000, NULL),
	(520, 'NUI XÀO ĐÙI TỎI', 28000, NULL),
	(521, 'NUI XÀO TÔM', 28000, NULL),
	(522, 'NUI XÀO BÒ LÚC LẮC', 28000, NULL),
	(523, 'NUI XÀO ĐÙI GÀ', 28000, NULL),
	(524, 'NUI XÀO HẢI SẢN', 28000, NULL),
	(525, 'MÌ XÀO TRỨNG', 28000, NULL),
	(526, 'MÌ XÀO BÒ', 17000, NULL),
	(527, 'MÌ XÀO CHẢ CÁ', 17000, NULL),
	(528, 'MÌ XÀO BÒ TRỨNG', 17000, NULL),
	(529, 'MÌ XÀO XÚC XÍCH', 17000, NULL),
	(530, 'MÌ XÀO CÁNH GÀ', 24000, NULL),
	(531, 'CƠM DƯƠNG CHÂU XÀO BÒ', 24000, NULL),
	(532, 'CƠM DƯƠNG CHÂU ĐÙI TỎI', 30000, NULL),
	(533, 'CƠM DƯƠNG CHÂU ĐÙI GÀ', 30000, NULL),
	(534, 'CƠM DƯƠNG CHÂU CUA', 30000, NULL),
	(535, 'CƠM DƯƠNG CHÂU TÔM', 30000, NULL),
	(536, 'CƠM DƯƠNG CHÂU BÒ LÚC LẮC', 30000, NULL),
	(537, 'CƠM DƯƠNG CHÂU HẢI SẢN', 30000, NULL),
	(538, 'CƠM CHIÊN GÀ', 35000, NULL),
	(539, 'CƠM DƯƠNG CHÂU DA GÀ', 35000, NULL),
	(540, 'CƠM CHIÊN GÀ XÉ', 35000, NULL),
	(541, 'CƠM CHIÊN CHẢ CÁ', 35000, NULL),
	(542, 'CƠM CHIÊN CÁNH GÀ', 35000, NULL),
	(543, 'CƠM CHIÊN ĐÙI TỎI', 35000, NULL),
	(544, 'CƠM CHIÊN  XÚC XÍCH', 35000, NULL),
	(545, 'WIN 39% - 300ML', 70000, NULL),
	(546, 'WIN 39% - 500ML', 90000, NULL),
	(547, 'WIN 29% - 300ML', 65000, NULL),
	(548, 'BKAV 29% - 375ML', 85000, NULL),
	(549, 'BKAV 29% - 375ML', 100000, NULL),
	(550, 'SANTA CẢOLINA', 100000, NULL),
	(551, 'CHILE 750ML', 360000, NULL),
	(552, 'SCOTCH CAROLINA', 360000, NULL),
	(553, 'MERLOT CHILE 750ML', 420000, NULL),
	(554, 'MOONLIGHT ĐỎ/TRẮNG', 150000, NULL),
	(555, 'LẨU THẬP CẨM', 99000, NULL),
	(556, 'LẨU HẢI SẢN', 99000, NULL),
	(557, 'LẨU THÁI', 109000, NULL),
	(558, 'LẨU TÔM', 129000, NULL),
	(559, 'LẨU LƯƠN', 99000, NULL),
	(560, 'LẨU CÁ NGÁT MĂNG CHUA', 99000, NULL),
	(561, 'LẨU ĐẦU CÁ HỒI', 99000, NULL),
	(562, 'LẨU CÁ DIÊU HỒNG', 109000, NULL),
	(563, 'LẨU NẤM HẢI SẢN', 239000, NULL),
	(564, 'LẨU CÁ KÈO', 139000, NULL),
	(565, 'LẨU ĐẦU TÔM HÙM', 129000, NULL),
	(566, 'LẨU THÁI', 129000, NULL),
	(567, 'LÂU HẢI SẢN', 129000, NULL),
	(568, 'LÂU THẬP CẨM', 129000, NULL),
	(569, 'LẨU LƯƠN', 129000, NULL),
	(570, 'LÂU TÔM CHUA NGỌT', 129000, NULL),
	(571, 'LÂU CÁ LÓC', 129000, NULL),
	(572, 'LẨU CÁ DIÊU HỒNG', 129000, NULL),
	(573, 'LẨU BẮP BÒ', 129000, NULL),
	(574, 'LẨU GÀ', 129000, NULL),
	(575, 'LẨU Ếch NẤU CHUA', 129000, NULL),
	(576, 'LẨU XÍ QUÁCH', 129000, NULL),
	(577, 'COCA COLA', 12000, NULL),
	(578, 'ZUP', 12000, NULL),
	(579, 'TWISTER', 12000, NULL),
	(580, 'PEPSI', 12000, NULL),
	(581, 'BÒ HÚC', 12000, NULL),
	(582, 'WIN 39% - 300ML', 70000, NULL),
	(583, 'WIN 39% - 500ML', 90000, NULL),
	(584, 'WIN 29% - 300ML', 65000, NULL),
	(585, 'BKAV 29% - 375ML', 85000, NULL),
	(586, 'BKAV 29% - 375ML', 100000, NULL),
	(587, 'Ốc BƯU XÀO SẢ Ớt', 39000, NULL),
	(588, 'Ốc BƯU HẤP SẢ', 39000, NULL),
	(589, 'ÔC BƯU XÀO TÍA TÔ', 39000, NULL),
	(590, 'ÔC MỞ XÀO ME', 39000, NULL),
	(591, 'Ốc MỞ XÀO TỎI', 39000, NULL),
	(592, 'LEN XÀO DỪA', 39000, NULL),
	(593, 'DỪA XÀO BƠ', 49000, NULL),
	(594, 'GẠO HẤP', 49000, NULL),
	(595, 'Ốc HƯƠNG NƯỚNG', 49000, NULL),
	(596, 'SÒ HUYẾT CHÁY TỎI', 49000, NULL),
	(597, 'SÒ HUYẾT NƯỚNG', 49000, NULL),
	(598, 'SÒ HUYẾT RANG ME', 49000, NULL),
	(599, 'SÒ DƯƠNG NƯỚNG MỞ HÀNH', 49000, NULL),
	(600, 'NGHÊU HẤP SẢ', 49000, NULL),
	(601, 'NGHÊU HẤP THÁI', 49000, NULL),
	(602, 'NGHÊU NƯỚNG BƠ TỎI', 49000, NULL),
	(603, 'NGHÊU XÀO LÁ QuẾ', 49000, NULL),
	(604, 'MỰC ỐNG HẤP', 99000, NULL),
	(605, 'MỰC 1 NẮNG NƯỚNG', 59000, NULL),
	(606, 'MỰC NẮNG NƯỚNG', 59000, NULL),
	(607, 'MỰC TƯƠI CHIÊN NƯỚC MẮM', 59000, NULL),
	(608, 'MỰC TRỨNG CHIÊN NƯỚC MẮM', 59000, NULL),
	(609, 'MỰC TRỨNG HẤP GỪNG', 59000, NULL),
	(610, 'MỰC TRỨNG NƯỚNG', 59000, NULL),
	(611, 'CÁ BÒ HÒM NƯỚNG', 59000, NULL),
	(612, 'CÁ LÓC HẤP BẦU', 89000, NULL),
	(613, 'CÁ LÓC NƯỚNG', 89000, NULL),
	(614, 'CÁ LÔC CHIÊN XÙ', 89000, NULL),
	(615, 'CÁ DIÊU HỒNG', 89000, NULL),
	(616, 'CÁ DIÊU HỒNG HẤP', 89000, NULL),
	(617, 'CÁ DIÊU HỒNG NƯỚNG GiẤY BẠC', 89000, NULL),
	(618, 'CÁ DIÊU HỒNG CHIÊN XÙ', 89000, NULL),
	(619, 'CÁ KÈO NƯỚNG', 59000, NULL),
	(620, 'CÁ KÈO CHIÊN NƯỚNG', 59000, NULL),
	(621, 'BÒ NƯỚNG DỪA', 59000, NULL),
	(622, 'BÒ BÍT TẾT', 49000, NULL),
	(623, 'BÒ LÚC LẮC', 49000, NULL),
	(624, 'BÒ XÀO THẬP CẨM', 49000, NULL),
	(625, 'BÒ XÀO CẢI MẦM', 49000, NULL),
	(626, 'TÔM HẤP TRONG TRÁI DỪA', 49000, NULL),
	(627, 'TÔM HẤP BIA', 49000, NULL),
	(628, 'TÔM XIÊN NƯỚNG MuỐI Ớt', 49000, NULL),
	(629, 'TÔM SỐT ME', 49000, NULL),
	(630, 'TÔM RANG MuỐI', 49000, NULL),
	(631, 'CHÂN GÀ MuỐI Ớt', 15000, NULL),
	(632, 'CÀ RI + BÁNH MÌ', 59000, NULL),
	(633, 'CÁNH GÀ CHIÊN NƯỚC MẮM', 49000, NULL),
	(634, 'MỰC XÀO THẬP CẨM CHUA NGỌT', 49000, NULL),
	(635, 'MỰC LĂN BỘT CHIÊN GIÒN', 29000, NULL),
	(636, 'KHÔ MỰC NƯỚNG / CHIÊN GIÒN', 29000, NULL),
	(637, 'BÒ CuỐN LÁ CẢI', 69000, NULL),
	(638, 'BÒ LÚC LẮC', 69000, NULL),
	(639, 'BÒ NƯỚNG MÈ', 69000, NULL),
	(640, 'BÒ NƯỚNG XIÊN', 69000, NULL),
	(641, 'BÒ NƯỚNG PHÔ MAI', 69000, NULL),
	(642, 'BÒ NHÚNG DẤM', 69000, NULL),
	(643, 'BÒ XÀO KHỔ QUA', 99000, NULL),
	(644, 'BẮP BÒ SỐT TIÊU XANH', 129000, NULL),
	(645, 'BÒ TÁI CHANH', 69000, NULL),
	(646, 'ĐUÔI BÒ HẦM SẢ', 69000, NULL),
	(647, 'GÂN BÒ HẤP SẢ GỪNG', 69000, NULL),
	(648, 'GỎI GÂN BÒ', 49000, NULL),
	(649, 'GÂN BÒ HẦM THUỐC BẮC', 129000, NULL),
	(650, 'LÁ LÁCH HẤP SẢ GỪNG', 49000, NULL),
	(651, 'LÁ LÁCH XÀO SA TẾ', 49000, NULL),
	(652, 'NUI XÀO ĐÙI TỎI', 20000, NULL),
	(653, 'NUI XÀO TÔM', 28000, NULL),
	(654, 'NUI XÀO BÒ LÚC LẮC', 28000, NULL),
	(655, 'NUI XÀO ĐÙI GÀ', 28000, NULL),
	(656, 'NUI XÀO HẢI SẢN', 28000, NULL),
	(657, 'MÌ XÀO TRỨNG', 28000, NULL),
	(658, 'MÌ XÀO BÒ', 17000, NULL),
	(659, 'MÌ XÀO CHẢ CÁ', 17000, NULL),
	(660, 'MÌ XÀO BÒ TRỨNG', 17000, NULL),
	(661, 'MÌ XÀO XÚC XÍCH', 17000, NULL),
	(662, 'MÌ XÀO CÁNH GÀ', 24000, NULL),
	(663, 'MÌ XÀO ĐÙI TỎI', 24000, NULL),
	(664, 'MÌ XÀO TÔM', 24000, NULL),
	(665, 'MÌ XÀO BÒ LÚC LẮC', 24000, NULL),
	(666, 'MÌ XÀO ĐÙI GÀ', 20000, NULL),
	(667, 'MÌ XÀO HẢI SẢN', 20000, NULL),
	(668, 'CHẢ GIÒ', 45000, NULL),
	(669, 'CƠM DƯƠNG CHÂU', 69000, NULL),
	(670, 'CƠM HẢI SẢN', 59000, NULL),
	(671, 'CƠM CHIÊN GIÒN', 59000, NULL),
	(672, 'CƠM CHIÊN TÔM', 59000, NULL),
	(673, 'CƠM CHIÊN TỎI', 59000, NULL),
	(674, 'MÌ XÀO HẢI SẢN', 59000, NULL),
	(675, 'MÌ XÀO GIÒN', 59000, NULL),
	(676, 'MÌ XÀO THẬP CẨM', 59000, NULL),
	(677, 'BÚN XÀO SINGAPORE', 59000, NULL),
	(678, 'BÚN XÀO HẢI SẢN', 75000, NULL),
	(679, 'BÒ BÍT TẾT KHOAI TÂY', 75000, NULL),
	(680, 'KHOAI TÂY CHIÊN', 75000, NULL),
	(681, 'CÁNH/ĐÙI GÀ NƯỚNG MuỐI Ớt', 59000, NULL),
	(682, 'CÁNH/ĐÙI GÀ NƯỚNG NGŨ VỊ', 59000, NULL),
	(683, 'COCA COLA', 12000, NULL),
	(684, 'ZUP', 12000, NULL),
	(685, 'TWISTER', 12000, NULL),
	(686, 'PEPSI', 12000, NULL),
	(687, 'BÒ HÚC', 12000, NULL),
	(688, 'SODA CHANH ĐƯỜNG', 16000, NULL),
	(689, 'NƯỚC KHOÁNG', 80000, NULL),
	(690, 'NƯỚC SuỐI', 10000, NULL),
	(691, 'ĐÁ CHANH', 10000, NULL),
	(692, 'CHÁO LƯƠNG MÔN', 59000, NULL),
	(693, 'CHÁO HẢI SẢN', 59000, NULL),
	(694, 'CHÁO BÒ BẰM', 59000, NULL),
	(695, 'CHÁO NGHÊU', 59000, NULL),
	(696, 'CHÁO TÔM', 59000, NULL),
	(697, 'CHÁO GÀ', 59000, NULL),
	(698, 'CHÁO CÁ MiỀN TÂY', 69000, NULL),
	(699, 'CƠM DƯƠNG CHÂU CÁNH GÀ', 24000, NULL),
	(700, 'CƠM DƯƠNG CHÂU XÀO BÒ', 24000, NULL),
	(701, 'CƠM DƯƠNG CHÂU ĐÙI TỎI', 30000, NULL),
	(702, 'CƠM DƯƠNG CHÂU ĐÙI GÀ', 30000, NULL),
	(703, 'CƠM DƯƠNG CHÂU CUA', 30000, NULL),
	(704, 'CƠM DƯƠNG CHÂU TÔM', 30000, NULL),
	(705, 'CƠM DƯƠNG CHÂU BÒ LÚC LẮC', 30000, NULL),
	(706, 'CƠM DƯƠNG CHÂU HẢI SẢN', 30000, NULL),
	(707, 'CƠM CHIÊN GÀ', 35000, NULL),
	(708, 'CƠM DƯƠNG CHÂU DA GÀ', 35000, NULL),
	(709, 'CƠM CHIÊN GÀ XÉ', 35000, NULL),
	(710, 'CƠM CHIÊN CHẢ CÁ', 35000, NULL),
	(711, 'CƠM CHIÊN CÁNH GÀ', 35000, NULL),
	(712, 'CƠM CHIÊN ĐÙI TỎI', 35000, NULL),
	(713, 'CƠM CHIÊN  XÚC XÍCH', 35000, NULL),
	(714, 'CƠM CHIÊN CUA', 35000, NULL),
	(715, 'CƠM CHIÊN TÔM', 35000, NULL),
	(716, 'CƠM CHIÊN XÀO BÒ', 22000, NULL),
	(717, 'CƠM CHIÊN BÒ LÚC LẮC', 22000, NULL),
	(718, 'CƠM CHIÊN  HẢI SẢN', 22000, NULL),
	(719, 'CƠM ĐẬU NHỎ', 22000, NULL),
	(720, 'CƠM ĐẬU LỚN', 22000, NULL),
	(721, 'CƠM DƯƠNG CHÂU', 24000, NULL),
	(722, 'CƠM DƯƠNG CHÂU GÀ XÉ', 24000, NULL),
	(723, 'CƠM DƯƠNG CHÂU XÚC XÍCH', 24000, NULL),
	(724, 'CƠM DƯƠNG CHÂU CHẢ CÁ', 24000, NULL),
	(725, 'CƠM DƯƠNG CHÂU CÁNH GÀ', 24000, NULL),
	(726, 'CƠM DƯƠNG CHÂU XÀO BÒ', 24000, NULL),
	(727, 'CƠM DƯƠNG CHÂU ĐÙI TỎI', 30000, NULL),
	(728, 'CƠM DƯƠNG CHÂU ĐÙI GÀ', 30000, NULL),
	(729, 'CƠM DƯƠNG CHÂU CUA', 30000, NULL),
	(730, 'CƠM DƯƠNG CHÂU TÔM', 30000, NULL),
	(731, 'CƠM DƯƠNG CHÂU BÒ LÚC LẮC', 30000, NULL),
	(732, 'CƠM DƯƠNG CHÂU HẢI SẢN', 30000, NULL),
	(733, 'CƠM CHIÊN GÀ', 35000, NULL),
	(734, 'CƠM DƯƠNG CHÂU DA GÀ', 35000, NULL),
	(735, 'CƠM CHIÊN GÀ XÉ', 35000, NULL),
	(736, 'CƠM CHIÊN CHẢ CÁ', 35000, NULL),
	(737, 'ÊCH CHIÊN BƠ', 59000, NULL),
	(738, 'ÊCH CHIÊ NƯỚC MẮM', 59000, NULL),
	(739, 'ÊCH XÀO LĂN', 59000, NULL),
	(740, 'ÊCH XÀO SẢ Ớt', 59000, NULL),
	(741, 'ÊCH NƯỚNG', 59000, NULL),
	(742, 'ÊCH HẤP RAU RĂM', 59000, NULL),
	(743, 'LƯƠN BẰM XÚC XÍCH BÁNH ĐA', 59000, NULL),
	(744, 'LƯƠN XÀO SẢ Ớt', 59000, NULL),
	(745, 'LƯƠN CHIÊN GIÒN', 59000, NULL),
	(746, 'LƯƠN NƯỚC CHAO', 59000, NULL),
	(747, 'LƯƠNG NƯỚNG MuỐI Ớt', 59000, NULL),
	(748, 'LƯƠN HẤP MƯỚP', 59000, NULL),
	(749, 'LƯƠN XÀO LĂN', 59000, NULL),
	(750, 'LƯƠN HẤP HOA CHUỐI', 59000, NULL),
	(751, 'BÒ NƯỚNG PHÔ MAI', 69000, NULL),
	(752, 'BÒ NHÚNG DẤM', 69000, NULL),
	(753, 'BÒ XÀO KHỔ QUA', 99000, NULL),
	(754, 'BẮP BÒ SỐT TIÊU XANH', 129000, NULL),
	(755, 'BÒ TÁI CHANH', 69000, NULL),
	(756, 'ĐUÔI BÒ HẦM SẢ', 69000, NULL),
	(757, 'GÂN BÒ HẤP SẢ GỪNG', 69000, NULL),
	(758, 'GỎI GÂN BÒ', 49000, NULL),
	(759, 'GÂN BÒ HẦM THUỐC BẮC', 129000, NULL),
	(760, 'CHÁO LƯƠNG MÔN', 59000, NULL),
	(761, 'CHÁO HẢI SẢN', 59000, NULL),
	(762, 'CHÁO BÒ BẰM', 59000, NULL),
	(763, 'CHÁO NGHÊU', 59000, NULL),
	(764, 'CHÁO TÔM', 59000, NULL),
	(765, 'CHÁO GÀ', 59000, NULL),
	(766, 'CHÁO CÁ MiỀN TÂY', 69000, NULL),
	(767, 'BẦU LuỘC TRỨNG', 69000, NULL),
	(768, 'CẢI THÌA LuỘC XÀO', 29000, NULL),
	(769, 'THIÊN LÝ XÀO TỎI', 39000, NULL),
	(770, 'THIÊN LÝ XÀO BÒ', 59000, NULL),
	(771, 'CẢI XANH XÀO BÒ', 59000, NULL),
	(772, 'CẦN NƯỚC XÀO TỎI', 38000, NULL),
	(773, 'CẦN NƯỚC XÀO BÒ', 80000, NULL),
	(774, 'MƯỚP HƯƠNG XÀO TỎI', 29000, NULL),
	(775, 'XÀ LÁCH TRỘN DẦU DẤM', 39000, NULL),
	(776, 'XÀ LÁCH XOONG BÒ TRỨNG', 59000, NULL),
	(777, 'GÀ XỐI MỞ', 79000, NULL),
	(778, 'GÀ ROTI', 79000, NULL),
	(779, 'GÀ NƯỚNG MuỐI Ớt', 79000, NULL),
	(780, 'GÀ HẤP HÀNH', 79000, NULL),
	(781, 'CÁNH GÀ CHIÊN NƯỚC MẮM', 79000, NULL),
	(782, 'CÁNH GÀ NƯỚNG', 79000, NULL),
	(783, 'LÒNG GÀ XÀO MƯỚP', 79000, NULL),
	(784, 'SƯỜN CHĨA NƯỚNG MuỐI Ớt', 79000, NULL),
	(785, 'TÔM HẤP TRONG TRÁI DỪA', 49000, NULL),
	(786, 'TÔM HẤP BIA', 49000, NULL),
	(787, 'TÔM XIÊN NƯỚNG MuỐI Ớt', 49000, NULL),
	(788, 'TÔM SỐT ME', 49000, NULL),
	(789, 'TÔM RANG MuỐI', 49000, NULL),
	(790, 'DỒI TRƯỜNG CHIÊN', 79000, NULL),
	(791, 'GIÒ HEO RÚT XƯƠNG CHIÊN GIÒN', 79000, NULL),
	(792, 'ÊCH CHIÊN BƠ', 59000, NULL),
	(793, 'ÊCH CHIÊ NƯỚC MẮM', 59000, NULL),
	(794, 'ÊCH XÀO LĂN', 59000, NULL),
	(795, 'ÊCH XÀO SẢ Ớt', 59000, NULL),
	(796, 'ÊCH NƯỚNG', 59000, NULL),
	(797, 'ÊCH HẤP RAU RĂM', 59000, NULL),
	(798, 'LƯƠN BẰM XÚC XÍCH BÁNH ĐA', 59000, NULL),
	(799, 'LƯƠN XÀO SẢ Ớt', 59000, NULL),
	(800, 'LƯƠN CHIÊN GIÒN', 59000, NULL),
	(801, 'LƯƠN NƯỚC CHAO', 59000, NULL),
	(802, 'LƯƠNG NƯỚNG MuỐI Ớt', 59000, NULL),
	(803, 'LƯƠN HẤP MƯỚP', 59000, NULL),
	(804, 'LƯƠN XÀO LĂN', 59000, NULL),
	(805, 'LƯƠN HẤP HOA CHUỐI', 59000, NULL),
	(806, 'CƠM CHIÊN TÂY BAN NHA', 69000, NULL),
	(807, 'CƠM CHIÊN CÁ MẶN', 69000, NULL),
	(808, 'CƠM CHIÊN DƯƠNG CHÂU', 69000, NULL),
	(809, 'CƠM CHIÊN TÔM THƯỢNG HẢI', 69000, NULL),
	(810, 'CƠM GÀ COCA', 69000, NULL),
	(811, 'CƠM CHIÊN TRỨNG CÁ THU', 69000, NULL),
	(812, 'CƠM TÔM RIM MẶNG', 69000, NULL),
	(813, 'CƠM XÀO BÒ', 69000, NULL),
	(814, 'CƠM XÀO HẢI SẢN', 69000, NULL),
	(815, 'MÌ XÀO GIÒN', 69000, NULL),
	(816, 'MÌ XÀO SINGAPORE', 69000, NULL),
	(817, 'MÌ Ý SỐT BÒ HẦM', 69000, NULL),
	(818, 'MÌ Ý SỐT HẢI SẢN', 69000, NULL),
	(819, 'CÁNH GÀ CHIÊN NƯỚC MẮM', 79000, NULL),
	(820, 'CÁNH GÀ NƯỚNG', 79000, NULL),
	(821, 'LÒNG GÀ XÀO MƯỚP', 79000, NULL),
	(822, 'SƯỜN CHĨA NƯỚNG MuỐI Ớt', 79000, NULL),
	(823, 'BAO TỬ HẦM TIÊU', 79000, NULL),
	(824, 'BAO TỬ HẦM XẢO CẢI CHUA', 79000, NULL),
	(825, 'BAO TỬ CHIÊN', 79000, NULL),
	(826, 'DỒI TRƯỜNG XÀO CẢI CHUA', 79000, NULL),
	(827, 'DỒI TRƯỜNG HẤP', 79000, NULL),
	(828, 'DỒI TRƯỜNG CHIÊN', 79000, NULL),
	(829, 'GIÒ HEO RÚT XƯƠNG CHIÊN GIÒN', 79000, NULL),
	(830, 'CHÁO BÒ BẰM', 59000, NULL),
	(831, 'CHÁO NGHÊU', 59000, NULL),
	(832, 'CHÁO TÔM', 59000, NULL),
	(833, 'CHÁO GÀ', 59000, NULL),
	(834, 'CHÁO CÁ MiỀN TÂY', 69000, NULL),
	(835, 'BẦU LuỘC TRỨNG', 69000, NULL),
	(836, 'CẢI THÌA LuỘC XÀO', 29000, NULL),
	(837, 'THIÊN LÝ XÀO TỎI', 39000, NULL),
	(838, 'THIÊN LÝ XÀO BÒ', 59000, NULL),
	(839, 'CẢI XANH XÀO BÒ', 59000, NULL),
	(840, 'CẦN NƯỚC XÀO TỎI', 38000, NULL),
	(841, 'CẦN NƯỚC XÀO BÒ', 80000, NULL),
	(842, 'MƯỚP HƯƠNG XÀO TỎI', 29000, NULL),
	(843, 'BAO TỬ HẦM TIÊU', 79000, NULL),
	(844, 'BAO TỬ HẦM XẢO CẢI CHUA', 79000, NULL),
	(845, 'BAO TỬ CHIÊN', 79000, NULL),
	(846, 'DỒI TRƯỜNG XÀO CẢI CHUA', 79000, NULL),
	(847, 'GỎI NHỚ RỪNG', 75000, NULL),
	(848, 'GỎI BAO TỬ', 62000, NULL),
	(849, 'GỎI TiẾN VUA TÔM THỊT', 75000, NULL),
	(850, 'GỎI CŨ HŨ DỪA TÔM THỊT', 70000, NULL),
	(851, 'GỎI NGÒ SEN TÔM THỊT', 70000, NULL),
	(852, 'GỎI BỒN BỒN TÔM THỊT', 70000, NULL),
	(853, 'GỎI MỰC TRỘN KiỂU THÁI', 69000, NULL),
	(854, 'GỎI CẢI MẦM CÁ MÒI', 69000, NULL),
	(855, 'GỎI CÁ MĂM BÒ XÀO', 65000, NULL),
	(856, 'GỎI XOÀI TÔM KHÔ', 69000, NULL),
	(857, 'GỎI XOÀI KHÔ SẶC', 69000, NULL),
	(858, 'GỎI BÒ BÓP THẤU', 76000, NULL),
	(859, 'KHỔ QUA CHÀ BÔNG', 55000, NULL),
	(860, 'PHỞ TÔ NHỎ', 34000, NULL),
	(861, 'PHỞ TÁI BẮP', 34000, NULL),
	(862, 'PHỞ TÁI NẠM', 34000, NULL),
	(863, 'PHỞ TÁI CHÍN', 34000, NULL),
	(864, 'PHỞ TÁI GẦU', 34000, NULL),
	(865, 'PHỞ TÁI SÁCH', 34000, NULL),
	(866, 'PHỞ TÁI GÂN', 49000, NULL),
	(867, 'PHỞ TÁI NẠM GẦU', 49000, NULL),
	(868, 'PHỞ TÁI NẠM SÁCH', 49000, NULL),
	(869, 'PHỞ GÀ', 49000, NULL),
	(870, 'PHỞ TÔ LỚN', 49000, NULL),
	(871, 'PHỞ BÒ TÁI NẠM GẦU GÂN SÁCH CHÍN', 49000, NULL),
	(872, 'CHÁO LƯƠN MÔN', 59000, NULL),
	(873, 'CHÁO HẢI SẢN', 59000, NULL),
	(874, 'CHÁO BÒ BẰM', 59000, NULL),
	(875, 'CHÁO NGHÊU', 59000, NULL),
	(876, 'CHÁO TÔM', 59000, NULL),
	(877, 'CHÁO GÀ', 59000, NULL),
	(878, 'CHÁO CÁ MiỀN TÂY', 59000, NULL),
	(879, 'BÀU LuỘC TRỨNG', 59000, NULL),
	(880, 'THIÊN LÝ SÀO TỎI', 59000, NULL),
	(881, 'THIÊN LÝ XÀO BÒ', 59000, NULL),
	(882, 'CẢI XANH XÀO BÒ', 59000, NULL),
	(883, 'CẢI CẦN NƯỚC XÀO BÒ', 59000, NULL),
	(884, 'CẦN NƯỚC XÀO TỎI', 59000, NULL),
	(885, 'MƯỚP HƯƠNG XÀO TỎI', 59000, NULL),
	(886, 'XÀ LÁCH TRỘN DẦU DẤM', 59000, NULL),
	(887, 'XÀ LÁCH XOONG BÒ TRỨNG', 59000, NULL),
	(888, 'PHỞ TÁI NẠM', 34000, NULL),
	(889, 'PHỞ TÁI CHÍN', 34000, NULL),
	(890, 'PHỞ TÁI GẦU', 34000, NULL),
	(891, 'PHỞ TÁI SÁCH', 34000, NULL),
	(892, 'PHỞ TÁI GÂN', 49000, NULL),
	(893, 'PHỞ TÁI NẠM GẦU', 49000, NULL),
	(894, 'PHỞ TÁI NẠM SÁCH', 49000, NULL),
	(895, 'PHỞ GÀ', 49000, NULL),
	(896, 'PHỞ TÔ LỚN', 49000, NULL),
	(897, 'PHỞ BÒ TÁI NẠM GẦU GÂN SÁCH CHÍN', 49000, NULL),
	(898, 'PHỞ TÔ NHỎ', 34000, NULL),
	(899, 'PHỞ TÁI BẮP', 34000, NULL),
	(900, 'PHỞ TÁI NẠM', 34000, NULL),
	(901, 'PHỞ TÁI CHÍN', 34000, NULL),
	(902, 'PHỞ TÁI GẦU', 34000, NULL),
	(903, 'PHỞ TÁI SÁCH', 34000, NULL),
	(904, 'PHỞ TÁI GÂN', 49000, NULL),
	(905, 'PHỞ TÁI NẠM GẦU', 49000, NULL),
	(906, 'PHỞ TÁI NẠM SÁCH', 49000, NULL),
	(907, 'PHỞ GÀ', 49000, NULL),
	(908, 'PHỞ TÔ LỚN', 49000, NULL),
	(909, 'PHỞ BÒ TÁI NẠM GẦU GÂN SÁCH CHÍN', 49000, NULL),
	(910, 'LẨU ĐẦU TÔM HÙM', 129000, NULL),
	(911, 'LẨU THÁI', 129000, NULL),
	(912, 'LÂU HẢI SẢN', 129000, NULL),
	(913, 'LÂU THẬP CẨM', 129000, NULL),
	(914, 'LẨU LƯƠN', 129000, NULL),
	(915, 'LÂU TÔM CHUA NGỌT', 129000, NULL),
	(916, 'LÂU CÁ LÓC', 129000, NULL),
	(917, 'PHỞ TÁI NẠM GẦU', 49000, NULL),
	(918, 'PHỞ TÁI NẠM SÁCH', 49000, NULL),
	(919, 'PHỞ GÀ', 49000, NULL),
	(920, 'PHỞ TÔ LỚN', 49000, NULL),
	(921, 'PHỞ BÒ TÁI NẠM GẦU GÂN SÁCH CHÍN', 49000, NULL),
	(922, 'CHÁO BÒ BẰM', 59000, NULL),
	(923, 'CHÁO NGHÊU', 59000, NULL),
	(924, 'CHÁO TÔM', 59000, NULL),
	(925, 'CHÁO GÀ', 59000, NULL),
	(926, 'CHÁO CÁ MiỀN TÂY', 69000, NULL),
	(927, 'BẦU LuỘC TRỨNG', 69000, NULL),
	(928, 'CẢI THÌA LuỘC XÀO', 29000, NULL),
	(929, 'PHỞ TÔ NHỎ', 34000, NULL),
	(930, 'PHỞ TÁI BẮP', 34000, NULL),
	(931, 'PHỞ TÁI NẠM', 34000, NULL),
	(932, 'PHỞ TÁI CHÍN', 34000, NULL),
	(933, 'PHỞ TÁI GẦU', 34000, NULL),
	(934, 'PHỞ TÁI SÁCH', 34000, NULL),
	(935, 'PHỞ TÁI GÂN', 49000, NULL),
	(936, 'PHỞ TÁI NẠM GẦU', 49000, NULL),
	(937, 'PHỞ TÁI NẠM SÁCH', 49000, NULL),
	(938, 'PHỞ GÀ', 49000, NULL),
	(939, 'PHỞ TÔ LỚN', 49000, NULL),
	(940, 'PHỞ BÒ TÁI NẠM GẦU GÂN SÁCH CHÍN', 49000, NULL),
	(941, 'MỰC ỐNG HẤP', 99000, NULL),
	(942, 'MỰC 1 NẮNG NƯỚNG', 59000, NULL),
	(943, 'MỰC NẮNG NƯỚNG', 59000, NULL),
	(944, 'MỰC TƯƠI CHIÊN NƯỚC MẮM', 59000, NULL),
	(945, 'MỰC TRỨNG CHIÊN NƯỚC MẮM', 59000, NULL),
	(946, 'MỰC TRỨNG HẤP GỪNG', 59000, NULL),
	(947, 'MỰC TRỨNG NƯỚNG', 59000, NULL),
	(948, 'CÁ BÒ HÒM NƯỚNG', 59000, NULL),
	(949, 'CÁ LÓC HẤP BẦU', 89000, NULL),
	(950, 'CÁ LÓC NƯỚNG', 89000, NULL),
	(951, 'CÁ LÔC CHIÊN XÙ', 89000, NULL),
	(952, 'CÁ DIÊU HỒNG', 89000, NULL),
	(953, 'CÁ DIÊU HỒNG HẤP', 89000, NULL),
	(954, 'CÁ DIÊU HỒNG NƯỚNG GiẤY BẠC', 89000, NULL),
	(955, 'CÁ DIÊU HỒNG CHIÊN XÙ', 89000, NULL),
	(956, 'CÁ KÈO NƯỚNG', 59000, NULL),
	(957, 'CÁ KÈO CHIÊN NƯỚNG', 59000, NULL),
	(958, 'WIN 39% - 300ML', 70000, NULL),
	(959, 'WIN 39% - 500ML', 90000, NULL),
	(960, 'WIN 29% - 300ML', 65000, NULL),
	(961, 'BKAV 29% - 375ML', 85000, NULL),
	(962, 'BKAV 29% - 375ML', 100000, NULL),
	(963, 'SANTA CẢOLINA', 100000, NULL),
	(964, 'CHILE 750ML', 360000, NULL),
	(965, 'SCOTCH CAROLINA', 360000, NULL),
	(966, 'MERLOT CHILE 750ML', 420000, NULL),
	(967, 'MOONLIGHT ĐỎ/TRẮNG', 150000, NULL),
	(968, 'BÒ SỐT MÙ TẠT', 69000, NULL),
	(969, 'BÒ CuỐN LÁ CẢI', 69000, NULL),
	(970, 'BÒ LÚC LẮC', 69000, NULL),
	(971, 'BÒ NƯỚNG MÈ', 69000, NULL),
	(972, 'BÒ NƯỚNG XIÊN', 69000, NULL),
	(973, 'BÒ NƯỚNG PHÔ MAI', 69000, NULL),
	(974, 'BÒ NHÚNG DẤM', 69000, NULL),
	(975, 'BÒ XÀO KHỔ QUA', 99000, NULL),
	(976, 'BẮP BÒ SỐT TIÊU XANH', 129000, NULL),
	(977, 'BÒ TÁI CHANH', 69000, NULL),
	(978, 'ĐUÔI BÒ HẦM SẢ', 69000, NULL),
	(979, 'GÂN BÒ HẤP SẢ GỪNG', 69000, NULL),
	(980, 'GỎI NHỚ RỪNG', 75000, NULL),
	(981, 'GỎI BAO TỬ', 62000, NULL),
	(982, 'GỎI TiẾN VUA TÔM THỊT', 75000, NULL),
	(983, 'GỎI CŨ HŨ DỪA TÔM THỊT', 70000, NULL),
	(984, 'GỎI NGÒ SEN TÔM THỊT', 70000, NULL),
	(985, 'GỎI BỒN BỒN TÔM THỊT', 70000, NULL),
	(986, 'GỎI MỰC TRỘN KiỂU THÁI', 69000, NULL),
	(987, 'GỎI CẢI MẦM CÁ MÒI', 69000, NULL),
	(988, 'GỎI CÁ MĂM BÒ XÀO', 65000, NULL),
	(989, 'GỎI XOÀI TÔM KHÔ', 69000, NULL),
	(990, 'GỎI XOÀI KHÔ SẶC', 69000, NULL),
	(991, 'GỎI BÒ BÓP THẤU', 76000, NULL),
	(992, 'KHỔ QUA CHÀ BÔNG', 55000, NULL),
	(993, 'MỰC ỐNG HẤP', 99000, NULL),
	(994, 'MỰC 1 NẮNG NƯỚNG', 59000, NULL),
	(995, 'MỰC NẮNG NƯỚNG', 59000, NULL),
	(996, 'MỰC TƯƠI CHIÊN NƯỚC MẮM', 59000, NULL),
	(997, 'MỰC TRỨNG CHIÊN NƯỚC MẮM', 59000, NULL),
	(998, 'MỰC TRỨNG HẤP GỪNG', 59000, NULL),
	(999, 'MỰC TRỨNG NƯỚNG', 59000, NULL),
	(1000, 'CÁ BÒ HÒM NƯỚNG', 59000, NULL);
/*!40000 ALTER TABLE `chitietdichvu` ENABLE KEYS */;


-- Dumping structure for table vnfinder.chitiet_dulieu
CREATE TABLE IF NOT EXISTS `chitiet_dulieu` (
  `MaDuLieu` int(11) NOT NULL,
  `MaChiTiet` int(11) NOT NULL
) ENGINE=InnoDB DEFAULT CHARSET=utf8;

-- Dumping data for table vnfinder.chitiet_dulieu: ~0 rows (approximately)
/*!40000 ALTER TABLE `chitiet_dulieu` DISABLE KEYS */;
/*!40000 ALTER TABLE `chitiet_dulieu` ENABLE KEYS */;


-- Dumping structure for table vnfinder.dichvu
CREATE TABLE IF NOT EXISTS `dichvu` (
  `MaDichVu` int(11) NOT NULL AUTO_INCREMENT,
  `TenDichVu` varchar(64) DEFAULT NULL,
  PRIMARY KEY (`MaDichVu`)
) ENGINE=InnoDB AUTO_INCREMENT=25 DEFAULT CHARSET=utf8;

-- Dumping data for table vnfinder.dichvu: ~23 rows (approximately)
/*!40000 ALTER TABLE `dichvu` DISABLE KEYS */;
INSERT INTO `dichvu` (`MaDichVu`, `TenDichVu`) VALUES
	(1, 'Bệnh viện'),
	(2, 'Trường học'),
	(3, 'Quán café'),
	(4, 'Quán ăn'),
	(5, 'ATM'),
	(6, 'Trạm xăng'),
	(7, 'Shop thời trang'),
	(8, 'Tiệm hớt tóc'),
	(9, 'Karaoke'),
	(10, 'Nhà hàng'),
	(11, 'Khách sạn'),
	(12, 'Công viên'),
	(13, 'Chợ'),
	(14, 'Rạp chiếu phim'),
	(15, 'Sân bóng đá'),
	(16, 'Bến xe'),
	(17, 'Phòng khám'),
	(18, 'Bến xe bus'),
	(20, 'Nhà trọ'),
	(21, 'Siêu thị'),
	(22, 'Cơ quan hành chính'),
	(23, 'Cửa hàng kim khí điện máy'),
	(24, 'Cửa hàng đồ gỗ');
/*!40000 ALTER TABLE `dichvu` ENABLE KEYS */;


-- Dumping structure for table vnfinder.dulieu
CREATE TABLE IF NOT EXISTS `dulieu` (
  `MaDuLieu` int(11) NOT NULL AUTO_INCREMENT,
  `MaDichVu` int(11) DEFAULT NULL,
  `MaTenDiaDiem` int(11) DEFAULT NULL,
  `SoNha` varchar(8) DEFAULT NULL,
  `MaDuong` int(11) DEFAULT NULL,
  `MaPhuong` int(11) DEFAULT NULL,
  `MaQuanHuyen` int(11) DEFAULT NULL,
  `MaTinhThanh` int(11) DEFAULT NULL,
  `KinhDo` double DEFAULT NULL,
  `ViDo` double DEFAULT NULL,
  `ChuThich` longtext,
  PRIMARY KEY (`MaDuLieu`)
) ENGINE=InnoDB AUTO_INCREMENT=798 DEFAULT CHARSET=utf8;

-- Dumping data for table vnfinder.dulieu: ~12 rows (approximately)
/*!40000 ALTER TABLE `dulieu` DISABLE KEYS */;
INSERT INTO `dulieu` (`MaDuLieu`, `MaDichVu`, `MaTenDiaDiem`, `SoNha`, `MaDuong`, `MaPhuong`, `MaQuanHuyen`, `MaTinhThanh`, `KinhDo`, `ViDo`, `ChuThich`) VALUES
	(163, 3, 2782, '47', 950, 221, 34, 16, 106.63623046875, 10.7694282531738, ''),
	(168, 3, 3076, '286', 874, 244, 34, 16, 106.627990722656, 10.7930603027344, '(08) 3612 0216'),
	(170, 3, 1226, '45', 950, 250, 34, 16, 106.634712219238, 10.7694044113159, ''),
	(173, 3, 1234, 'Lô H002', 795, 260, 34, 16, 106.614372253418, 10.8179054260254, 'Thời trang trẻ em'),
	(183, 3, 1271, '443', 723, 221, 34, 16, 106.645011901855, 10.7788896560669, ''),
	(184, 3, 1267, '16', 922, 245, 34, 16, 106.628715515137, 10.7953310012817, ''),
	(226, 3, 1217, '90', 736, 175, 44, 16, 106.608497619629, 10.7860202789307, ''),
	(232, 9, 1217, '78', 736, 175, 44, 16, 106.608497619629, 10.7860202789307, ''),
	(234, 3, 1240, '11', 749, 175, 44, 16, 106.621543884277, 10.7743530273438, ''),
	(235, 3, 1251, '257/1', 749, 175, 44, 16, 106.621536254883, 10.7741365432739, ''),
	(796, 4, 1940, '112', 974, 255, 47, 16, 106.723777770996, 10.7554054260254, ''),
	(797, 1, 2004, '82', 772, 158, 31, 16, 106.675395, 10.736989, '<p>Bệnh viện đa khoa quận 8</p>\r\n');
/*!40000 ALTER TABLE `dulieu` ENABLE KEYS */;


-- Dumping structure for table vnfinder.duong
CREATE TABLE IF NOT EXISTS `duong` (
  `MaDuong` int(11) NOT NULL AUTO_INCREMENT,
  `TenDuong` varchar(64) DEFAULT NULL,
  PRIMARY KEY (`MaDuong`)
) ENGINE=InnoDB AUTO_INCREMENT=1001 DEFAULT CHARSET=utf8;

-- Dumping data for table vnfinder.duong: ~304 rows (approximately)
/*!40000 ALTER TABLE `duong` DISABLE KEYS */;
INSERT INTO `duong` (`MaDuong`, `TenDuong`) VALUES
	(697, '10'),
	(698, '103'),
	(699, '14'),
	(700, '17'),
	(701, '3 Tháng 2'),
	(702, '34'),
	(703, '37'),
	(704, '38'),
	(705, '39'),
	(706, '43'),
	(707, '45'),
	(708, '51'),
	(709, '53'),
	(710, '77'),
	(711, '79'),
	(712, '85'),
	(713, 'A Khu Adc'),
	(714, 'Alexandre De Rhodes'),
	(715, 'An Bình'),
	(716, 'An Dương Vương'),
	(717, 'An Nhơn'),
	(718, 'An Phú'),
	(719, 'An Phú Đông 10'),
	(720, 'An Phú Đông 11'),
	(721, 'An Phú Đông 3'),
	(722, 'An Phú Đông 9'),
	(723, 'Âu Cơ'),
	(724, 'Âu Dương Lân'),
	(725, 'B Khu Adc'),
	(726, 'B3'),
	(727, 'B4'),
	(728, 'Ba Đình'),
	(729, 'Bà Hom'),
	(730, 'Bà Huyện Thanh Quan'),
	(731, 'Bà Lê Chân'),
	(732, 'Ba Tơ'),
	(733, 'Bà Triệu'),
	(734, 'Bác Ái'),
	(735, 'Bắc Hải'),
	(736, 'Bạch Đằng'),
	(737, 'Bạch Vân'),
	(738, 'Bãi Sậy'),
	(739, 'Bến Bãi Sậy'),
	(740, 'Bến Bình Đông'),
	(741, 'Bến Lò Gốm'),
	(742, 'Bến Mễ Cốc'),
	(743, 'Bến Nghé'),
	(744, 'Bến Nguyễn Duy'),
	(745, 'Bến Phú Lâm'),
	(746, 'Bến Vân Đồn'),
	(747, 'Bình Chiểu'),
	(748, 'Bình Đức'),
	(749, 'Bình Long'),
	(750, 'Bình Phú'),
	(751, 'Bình Tây'),
	(752, 'Bình Tiên'),
	(753, 'Bờ Bao Tân Thắng'),
	(754, 'Bông Sao'),
	(755, 'Bùi Công Trừng'),
	(756, 'Bùi Đình Túy'),
	(757, 'Bùi Hữu Nghĩa'),
	(758, 'Bùi Huy Bích'),
	(759, 'Bùi Huy Ích'),
	(760, 'Bùi Minh Trực'),
	(761, 'Bùi Thế Mỹ'),
	(762, 'Bùi Thị Xuân'),
	(763, 'Bùi Văn Ba'),
	(764, 'Bùi Văn Ngữ'),
	(765, 'Bùi Viện'),
	(766, 'Bửu Đình'),
	(767, 'C5'),
	(768, 'C8'),
	(769, 'Cách Mạng Tháng 8'),
	(770, 'Calmette'),
	(771, 'Cao Đạt'),
	(772, 'Cao Lỗ'),
	(773, 'Cao Thắng'),
	(774, 'Cao văn Lầu'),
	(775, 'Cao Xuân Dục'),
	(776, 'Cầu Ga 2'),
	(777, 'Cầu Xéo'),
	(778, 'Cây Keo'),
	(779, 'Cây Sung'),
	(780, 'Cây Trâm'),
	(781, 'CC2'),
	(782, 'CC3'),
	(783, 'CC4'),
	(784, 'CC5'),
	(785, 'Chánh Hưng'),
	(786, 'Châu Bình'),
	(787, 'Châu Văn Liêm'),
	(788, 'Chế Lan Viên'),
	(789, 'Chiêu Anh Các'),
	(790, 'Chợ Lớn'),
	(791, 'Chu Mạnh Trinh'),
	(792, 'Chu Thiện'),
	(793, 'Chu Văn An'),
	(794, 'Chương Dương'),
	(795, 'CN1'),
	(796, 'CN10'),
	(797, 'CN11'),
	(798, 'CN13'),
	(799, 'CN2'),
	(800, 'CN3'),
	(801, 'CN4'),
	(802, 'CN6'),
	(803, 'CN8'),
	(804, 'Cô Bắc'),
	(805, 'Cô Giang'),
	(806, 'Cộng Hòa'),
	(807, 'Cộng Hòa 3'),
	(808, 'Công Lý'),
	(809, 'Cống Quỳnh'),
	(810, 'Cư xá Điện Lực'),
	(811, 'D10'),
	(812, 'D11'),
	(813, 'D13'),
	(814, 'D16'),
	(815, 'D9'),
	(816, 'Dạ Nam'),
	(817, 'Đại lộ Đông Tây'),
	(818, 'Đàm Thận Huy'),
	(819, 'Dân Chủ'),
	(820, 'Dân Tộc'),
	(821, 'Đặng Công Bình'),
	(822, 'Đặng Dung'),
	(823, 'Đặng Nguyên Cấn'),
	(824, 'Đặng Nhữ Lâm'),
	(825, 'Đặng Tất'),
	(826, 'Đặng Thái Than'),
	(827, 'Đặng Thị Rảnh'),
	(828, 'Đặng Thúc Vịnh'),
	(829, 'Đặng Tiến Đông'),
	(830, 'Đặng Văn Bi'),
	(831, 'Đăng Văn Ngữ'),
	(832, 'Đào Duy Anh'),
	(833, 'Đào Duy Từ'),
	(834, 'Đào Sư Tích'),
	(835, 'Đào Tông Nguyên'),
	(836, 'Đào Trí'),
	(837, 'Đào Trinh Nhất'),
	(838, 'DC1'),
	(839, 'DC11'),
	(840, 'DC3'),
	(841, 'DC4'),
	(842, 'DC5'),
	(843, 'DC6'),
	(844, 'DC7'),
	(845, 'DC8'),
	(846, 'DC9'),
	(847, 'Đề Thám'),
	(848, 'DHG'),
	(849, 'Điện Biên Phủ'),
	(850, 'Điện Cao Thế'),
	(851, 'Đinh Bộ Lĩnh'),
	(852, 'Đinh Công Tráng'),
	(853, 'Đinh Liệt'),
	(854, 'Đình Phong Phú'),
	(855, 'Đinh Tiên Hoàng'),
	(856, 'Đỗ Bí'),
	(857, 'Đỗ Công Tường'),
	(858, 'Đô Đốc Lộc'),
	(859, 'Đô Đốc Long'),
	(860, 'Đô Đốc Thủ'),
	(861, 'Đỗ Đức Dục'),
	(862, 'Đỗ Ngọc Thạnh'),
	(863, 'Đỗ Nhuận'),
	(864, 'Đỗ Quang'),
	(865, 'Đỗ Thị Tâm'),
	(866, 'Đỗ Thừa Luông'),
	(867, 'Đỗ Thừa Tự'),
	(868, 'Đỗ Xuân Hợp'),
	(869, 'Đoàn Công Hớn'),
	(870, 'Đoàn Giỏi'),
	(871, 'Đoàn Hữu Trung'),
	(872, 'Đoàn Kết'),
	(873, 'Đoàn Văn Bơ'),
	(874, 'Độc Lập'),
	(875, 'Đông Bắc'),
	(876, 'Đông Du'),
	(877, 'Đông Hưng Thuận'),
	(878, 'Đông Hưng Thuận 11'),
	(879, 'Đông Hưng Thuận 2'),
	(880, 'Đông Hưng Thuận 32'),
	(881, 'Đông Hưng Thuận 6'),
	(882, 'Đồng Khởi'),
	(883, 'Đồng Nai'),
	(884, 'Đồng Tâm'),
	(885, 'Đường 10E'),
	(886, 'Đường 15'),
	(887, 'Đường 17P'),
	(888, 'Đường A'),
	(889, 'Đường B'),
	(890, 'Dương Bá Trạc'),
	(891, 'Đường C'),
	(892, 'Dương Cát Lợi'),
	(893, 'Dương Công Khi'),
	(894, 'Dương Đình Hội'),
	(895, 'Dương Đức Hiền'),
	(896, 'Đường G'),
	(897, 'Dương Khuê'),
	(898, 'Dương Quảng Hàm'),
	(899, 'Đường Số 1'),
	(900, 'Đường Số 1 Căn Cứ 26B'),
	(901, 'Đường Số 10'),
	(902, 'Đường số 1011'),
	(903, 'Đường số 11'),
	(904, 'Đường số 15'),
	(905, 'Đường số 16'),
	(906, 'Đường Số 20'),
	(907, 'Đường số 21'),
	(908, 'Đường số 3'),
	(909, 'Đường số 30'),
	(910, 'Đường Số 4'),
	(911, 'Đường Số 41'),
	(912, 'Đường Số 6'),
	(913, 'Đường Số 8'),
	(914, 'Đường số 9'),
	(915, 'Dương Tử Giang'),
	(916, 'Dương Văn Cam'),
	(917, 'Dương Văn Dương'),
	(918, 'Einstein'),
	(919, 'Gia Phú'),
	(920, 'Giang Văn Minh'),
	(921, 'Gò Công'),
	(922, 'Gò Dầu'),
	(923, 'Gò Dưa'),
	(924, 'Gò Ô Môi'),
	(925, 'Hà Đặc'),
	(926, 'Hà Huy Giáp'),
	(927, 'Hà Tôn Quyền'),
	(928, 'Hai Bà Trưng'),
	(929, 'Hải Thượng Lãn Ông'),
	(930, 'Hàm Nghi'),
	(931, 'Hàn Thuyên'),
	(932, 'Hậu Giang'),
	(933, 'Hiền Vương'),
	(934, 'Hiệp Bình'),
	(935, 'Hiệp Thành 19'),
	(936, 'Hiệp Thành 21'),
	(937, 'Hiệp Thành 22'),
	(938, 'Hiệp Thành 23'),
	(939, 'Hiệp Thành 25'),
	(940, 'Hiệp Thành 27'),
	(941, 'Hiệp Thành 31'),
	(942, 'Hồ Bá Kiện'),
	(943, 'Hồ Đắc Di'),
	(944, 'Hồ Hảo Hớn'),
	(945, 'Hồ Học Lâm'),
	(946, 'Hồ Học Lãm'),
	(947, 'Hồ Tùng Mậu'),
	(948, 'Hồ Văn Huê'),
	(949, 'Hồ Văn Tư'),
	(950, 'Hòa Bình'),
	(951, 'Hòa Hảo'),
	(952, 'Hòa Hưng'),
	(953, 'Hoài Thanh'),
	(954, 'Hoàng Đạo Thúy'),
	(955, 'Hoàng Diệu'),
	(956, 'Hoàng Diệu 2'),
	(957, 'Hoàng Hoa Thám'),
	(958, 'Hoàng Hữu Nam'),
	(959, 'Hoàng Minh Giám'),
	(960, 'Hoàng Ngọc Phách'),
	(961, 'Hoàng Quốc Việt'),
	(962, 'Hoàng Sa'),
	(963, 'Hoàng Sĩ Khải'),
	(964, 'Hoàng Văn Thụ'),
	(965, 'Hoàng Xuân Nhị'),
	(966, 'Hồng Bàng'),
	(967, 'Hồng Đức'),
	(968, 'Hồng Hà'),
	(969, 'Hưng Phú'),
	(970, 'Hùng Vương'),
	(971, 'Hương lộ 2'),
	(972, 'Hương Lộ 80B'),
	(973, 'Hữu Nghị'),
	(974, 'Huỳnh Tấn Phát'),
	(975, 'Huỳnh Thiện Lộc'),
	(976, 'Huỳnh Thiệu Hoa'),
	(977, 'Huỳnh Thúc Kháng'),
	(978, 'Huỳnh Văn Bánh'),
	(979, 'Kênh 19.5'),
	(980, 'Kênh Tân Hòa'),
	(981, 'Kênh Tàu Hủ'),
	(982, 'Kha Vạn Cân'),
	(983, 'Khổng Tử'),
	(984, 'Khu Dân Cư Nam Long'),
	(985, 'Khuông Việt'),
	(986, 'Kinh Dương Vương'),
	(987, 'Lã Xuân Oai'),
	(988, 'Lạc Long Quân'),
	(989, 'Lam Sơn'),
	(990, 'Lâm Văn Bền'),
	(991, 'Lê Cảnh Tuấn'),
	(992, 'Lê Cao Lăng'),
	(993, 'Lê Đình Thám'),
	(994, 'Lê Duẩn'),
	(995, 'Lê Đức Thọ'),
	(996, 'Lê Hoàng Phái'),
	(997, 'Lê Hồng Phong'),
	(998, 'Lê Lai'),
	(999, 'Lê Lâm'),
	(1000, 'Lê Lăng');
/*!40000 ALTER TABLE `duong` ENABLE KEYS */;


-- Dumping structure for table vnfinder.phuong
CREATE TABLE IF NOT EXISTS `phuong` (
  `MaPhuong` int(11) NOT NULL AUTO_INCREMENT,
  `TenPhuong` varchar(64) DEFAULT NULL,
  PRIMARY KEY (`MaPhuong`)
) ENGINE=InnoDB AUTO_INCREMENT=275 DEFAULT CHARSET=utf8;

-- Dumping data for table vnfinder.phuong: ~139 rows (approximately)
/*!40000 ALTER TABLE `phuong` DISABLE KEYS */;
INSERT INTO `phuong` (`MaPhuong`, `TenPhuong`) VALUES
	(136, '1'),
	(137, '10'),
	(138, '11'),
	(139, '12'),
	(140, '13'),
	(141, '14'),
	(142, '15'),
	(143, '16'),
	(144, '17'),
	(145, '18'),
	(146, '19'),
	(147, '2'),
	(148, '20'),
	(149, '21'),
	(150, '22'),
	(151, '23'),
	(152, '24'),
	(153, '25'),
	(154, '26'),
	(155, '27'),
	(156, '28'),
	(157, '3'),
	(158, '4'),
	(159, '5'),
	(160, '6'),
	(161, '7'),
	(162, '8'),
	(163, '9'),
	(164, 'An Khánh'),
	(165, 'An Lạc'),
	(166, 'An Lạc A'),
	(167, 'An Phú'),
	(168, 'An Phú Đông'),
	(169, 'Bà Điểm'),
	(170, 'Bến Nghé'),
	(171, 'Bến Thành'),
	(172, 'Bình An'),
	(173, 'Bình Chiểu'),
	(174, 'Bình Hưng Hòa'),
	(175, 'Bình Hưng Hòa A'),
	(176, 'Bình Hưng Hòa B'),
	(177, 'Bình Khánh'),
	(178, 'Bình Thọ'),
	(179, 'Bình Thuận'),
	(180, 'Bình Trị Đông'),
	(181, 'Bình Trị Đông A'),
	(182, 'Bình Trị Đông B'),
	(183, 'Bình Trưng Đông'),
	(184, 'Bình Trưng Tây'),
	(185, 'Cát Lái'),
	(186, 'Cầu Kho'),
	(187, 'Cầu Ông Lãnh'),
	(188, 'Cô Giang'),
	(189, 'Đa Kao'),
	(190, 'Đông Hưng Thuận'),
	(191, 'Đông Thạnh'),
	(192, 'Hiệp Bình Chánh'),
	(193, 'Hiệp Bình Phước'),
	(194, 'Hiệp Phú'),
	(195, 'Hiệp Tân'),
	(196, 'Hiệp Thành'),
	(197, 'Hòa Thạnh'),
	(198, 'Khu Dân Cư Số 1 Thành Mỹ Lợi'),
	(199, 'Khu Dân Cư Thành Mỹ Lợi'),
	(200, 'Linh Chiểu'),
	(201, 'Linh Đông'),
	(202, 'Linh Tây'),
	(203, 'Linh Trung'),
	(204, 'Linh Xuân'),
	(205, 'Long Bình'),
	(206, 'Long Phước'),
	(207, 'Long Thạnh Mỹ'),
	(208, 'Long Thới'),
	(209, 'Long Trường'),
	(210, 'Nguyễn Cư Trinh'),
	(211, 'Nguyễn Thái Bình'),
	(212, 'Nhị Bình'),
	(213, 'Nhơn Đức'),
	(214, 'Phạm Ngũ Lão'),
	(215, 'Phong Phú'),
	(216, 'Phú Hữu'),
	(217, 'Phú Mỹ'),
	(218, 'Phú Thạnh'),
	(219, 'Phú Thọ Hòa'),
	(220, 'Phú Thuận'),
	(221, 'Phú Trung'),
	(222, 'Phú Xuân'),
	(223, 'Phước Bình'),
	(224, 'Phước Kiểng'),
	(225, 'Phước Long'),
	(226, 'Phước Long A'),
	(227, 'Phước Long B'),
	(228, 'Phường 4'),
	(229, 'Sơn Kỳ'),
	(230, 'Tam Bình'),
	(231, 'Tam Phú'),
	(232, 'Tân  Phú'),
	(233, 'Tân Chánh Hiệp'),
	(234, 'Tân Định'),
	(235, 'Tân Hiệp'),
	(236, 'Tân Hưng'),
	(237, 'Tân Hưng Thuận'),
	(238, 'Tân Kiểng'),
	(239, 'Tân Nhơn Phú'),
	(240, 'Tân Nhơn Phú A'),
	(241, 'Tân Phong'),
	(242, 'Tân Phú'),
	(243, 'Tân Quy'),
	(244, 'Tân Quý'),
	(245, 'Tân Sơn Nhì'),
	(246, 'Tân Tạo'),
	(247, 'Tân Tạo A'),
	(248, 'Tân Thành'),
	(249, 'Tân Thới Hiệp'),
	(250, 'Tân Thới Hòa'),
	(251, 'Tân Thới Nhất'),
	(252, 'Tân Thới Nhì'),
	(253, 'Tân Thuận'),
	(254, 'Tân Thuận Đông'),
	(255, 'Tân Thuận Tây'),
	(256, 'Tân Xuân'),
	(257, 'Tăng Nhơn Phú'),
	(258, 'Tăng Nhơn Phú A'),
	(259, 'Tăng Nhơn Phú B'),
	(260, 'Tây Thạnh'),
	(261, 'Thạnh Lộc'),
	(262, 'Thạnh Mỹ Lợi'),
	(263, 'Thạnh Xuân'),
	(264, 'Thảo Điền'),
	(265, 'Thị Trấn Hóc Môn'),
	(266, 'Thới An'),
	(267, 'Thới Tam Thôn'),
	(268, 'Trung Chánh'),
	(269, 'Trung Mỹ Tây'),
	(270, 'Trường Thạnh'),
	(271, 'Trường Thọ'),
	(272, 'Xuân Thới Đông'),
	(273, 'Xuân Thới Sơn'),
	(274, 'Xuân Thới Thượng');
/*!40000 ALTER TABLE `phuong` ENABLE KEYS */;


-- Dumping structure for table vnfinder.quanhuyen
CREATE TABLE IF NOT EXISTS `quanhuyen` (
  `MaQuanHuyen` int(11) NOT NULL AUTO_INCREMENT,
  `TenQuanHuyen` varchar(64) DEFAULT NULL,
  PRIMARY KEY (`MaQuanHuyen`)
) ENGINE=InnoDB AUTO_INCREMENT=56 DEFAULT CHARSET=utf8;

-- Dumping data for table vnfinder.quanhuyen: ~21 rows (approximately)
/*!40000 ALTER TABLE `quanhuyen` DISABLE KEYS */;
INSERT INTO `quanhuyen` (`MaQuanHuyen`, `TenQuanHuyen`) VALUES
	(26, '1'),
	(27, 'Tân Bình'),
	(28, '4'),
	(29, '5'),
	(30, '6'),
	(31, '8'),
	(32, '9'),
	(33, '10'),
	(34, 'Tân Phú'),
	(44, 'Bình Tân'),
	(45, 'Bình Thạnh'),
	(46, '3'),
	(47, '7'),
	(48, '2'),
	(49, '11'),
	(50, '12'),
	(51, 'Phú Nhuận'),
	(52, 'Gò Vấp'),
	(53, 'Nhà Bè'),
	(54, 'Thủ Đức'),
	(55, 'Hóc Môn');
/*!40000 ALTER TABLE `quanhuyen` ENABLE KEYS */;


-- Dumping structure for table vnfinder.tendiadiem
CREATE TABLE IF NOT EXISTS `tendiadiem` (
  `MaTenDiaDiem` int(11) NOT NULL AUTO_INCREMENT,
  `TenDiaDiem` varchar(128) DEFAULT NULL,
  PRIMARY KEY (`MaTenDiaDiem`)
) ENGINE=InnoDB AUTO_INCREMENT=3081 DEFAULT CHARSET=utf8;

-- Dumping data for table vnfinder.tendiadiem: ~93 rows (approximately)
/*!40000 ALTER TABLE `tendiadiem` DISABLE KEYS */;
INSERT INTO `tendiadiem` (`MaTenDiaDiem`, `TenDiaDiem`) VALUES
	(1050, 'ATM SeA Bank'),
	(1057, 'ATM VIB'),
	(1217, 'Cafe - Karaoke Biển Nhớ'),
	(1218, 'Cafe - Nước mía'),
	(1226, 'Cafe Diễm Thúy'),
	(1229, 'Cafe Emi'),
	(1230, 'Cafe football 020'),
	(1234, 'Cafe Heaven Land'),
	(1236, 'Café HighLand'),
	(1238, 'Cafe Hoàng Gia'),
	(1239, 'Cafe Hồng'),
	(1240, 'Cafe Hồng Phát'),
	(1241, 'Café Icafe'),
	(1242, 'Cafe kem 49'),
	(1243, 'Cafe Không Tên'),
	(1245, 'Cafe Legend'),
	(1251, 'Cafe Ngọc Châu'),
	(1256, 'Cafe Nhật Duy'),
	(1258, 'Cafe No Name'),
	(1259, 'Cafe N-Y'),
	(1266, 'Cafe Sắc Màu'),
	(1267, 'Cafe sân thượng hát với nhau'),
	(1268, 'Cafe sân thượng Tây Đô'),
	(1269, 'Cafe Sân Vườn 338'),
	(1270, 'Cafe Sân Vườn Đồng Dao'),
	(1271, 'Cafe Sần Vườn Nhật Anh'),
	(1273, 'Cafe Thanh Ngân'),
	(1275, 'Cafe Thư Giãn'),
	(1277, 'Cafe Ti Ti'),
	(1279, 'Cafe Tina'),
	(1280, 'Cafe Trang'),
	(1281, 'Cafe Vườn Thiên Tuế'),
	(1330, 'Chợ Phú Định'),
	(1931, 'Nhà hàng 31A Nơ Trang Long'),
	(1932, 'Nhà hàng 5 Sao'),
	(1933, 'Nhà hàng 73 Phan Đăng Lưu'),
	(1934, 'Nhà hàng 7A-7A1 Nguyễn Hữu Cảnh'),
	(1938, 'Nhà hàng Biệt thự Hoa sứ,Số 217'),
	(1940, 'Nhà hàng Cây Cau'),
	(1949, 'Nhà hàng Điện Ảnh 3'),
	(1950, 'Nhà hàng Đổi Gió'),
	(1951, 'Nhà hàng Đông Hồ'),
	(1954, 'Nhà hàng Dung Dung'),
	(1955, 'Nhà hàng hải sản Biển Đông'),
	(1957, 'Nhà hàng Hoa Mai'),
	(1958, 'Nhà hàng hoa viên Nam Bộ'),
	(1960, 'Nhà hàng Hoàng Ngọc,Số 92'),
	(1964, 'Nhà hàng Hồng Ngọc'),
	(1965, 'Nhà hàng Hướng Dương'),
	(1966, 'Nhà hàng Hương Xưa 2'),
	(1971, 'Nhà hang Kim Bửu'),
	(1972, 'Nhà Hàng Lan Hương,Số 118a'),
	(1974, 'Nhà hàng Long Châu'),
	(1975, 'Nhà hàng Long Phụng 3'),
	(1979, 'Nhà Hàng Minh Phú 3'),
	(1986, 'Nhà Hàng Nhơn Hòa 1'),
	(1995, 'Nhà hàng sân vườn Bằng Hữu'),
	(1996, 'Nhà Hàng Sân Vườn Hương Phố'),
	(1998, 'Nhà hàng sông thành phát,Số 244'),
	(1999, 'Nhà hàng Tâm Ký'),
	(2000, 'Nhà hàng Tân Hồng Hương,Số 19'),
	(2004, 'Nhà hàng thủy tạ'),
	(2008, 'Nhà hàng Tiệc cưới Nam Bộ'),
	(2011, 'Nhà Hàng Tuấn Mập 2'),
	(2012, 'Nhà hàng Tùng Lâm'),
	(2013, 'Nhà Hàng Vườn Thiên Thai'),
	(2015, 'Nhà hàng Xuân Thủy'),
	(2019, 'Nhà Hàng Viễn Tây'),
	(2021, 'Nha khoa BS Thanh Hải'),
	(2025, 'Nha Khoa Huyền Oanh'),
	(2028, 'Nha Khoa Sài Gòn Smile'),
	(2029, 'Nha khoa Tâm Ý'),
	(2032, 'Nhà nghĩ Bảo Ân'),
	(2033, 'Nhà Nghỉ Ngọc Lan Vân'),
	(2034, 'Nhà Thuốc'),
	(2036, 'Nhà Thuốc Phương Thảo'),
	(2037, 'Nhà Thuốc Tây'),
	(2038, 'Nhà Thuốc Tây 62'),
	(2039, 'Nhà Thuốc Tây Công Hiển'),
	(2040, 'Nhà Thuốc Tây Hà Tiên'),
	(2041, 'Nhà Thuốc Tây Hoàng Nguyễn'),
	(2042, 'Nhà Thuốc Tây Hồng An'),
	(2043, 'Nhà Thuốc Tây Hồng Lê'),
	(2047, 'Nhà Thuốc Tây Phi Hùng'),
	(2782, 'Quán Cafe  X9'),
	(2801, 'Quán Cafe 273'),
	(2919, 'Quán cafe Hương Quê'),
	(2924, 'Quán Cafe Karaoke Nhật Huỳnh'),
	(2961, 'Quán cafe Ngọc Nga'),
	(2970, 'Quán cafe Ông Bảy'),
	(3005, 'Quán cafe Tấn Thông'),
	(3075, 'Quán Cafe 338'),
	(3076, 'Quán Cafe Linh Na'),
	(3077, 'Cafe rừng tràm'),
	(3078, 'Cafe rừng tràm'),
	(3079, 'Cafe rừng tràm'),
	(3080, 'Bênh viện quận 8');
/*!40000 ALTER TABLE `tendiadiem` ENABLE KEYS */;


-- Dumping structure for table vnfinder.tinhthanh
CREATE TABLE IF NOT EXISTS `tinhthanh` (
  `MaTinhThanh` int(11) NOT NULL AUTO_INCREMENT,
  `TenTinhThanh` varchar(64) DEFAULT NULL,
  PRIMARY KEY (`MaTinhThanh`)
) ENGINE=InnoDB AUTO_INCREMENT=17 DEFAULT CHARSET=utf8;

-- Dumping data for table vnfinder.tinhthanh: ~0 rows (approximately)
/*!40000 ALTER TABLE `tinhthanh` DISABLE KEYS */;
INSERT INTO `tinhthanh` (`MaTinhThanh`, `TenTinhThanh`) VALUES
	(16, 'Hồ Chí Minh');
/*!40000 ALTER TABLE `tinhthanh` ENABLE KEYS */;


-- Dumping structure for table vnfinder.tukhoadiadiem
CREATE TABLE IF NOT EXISTS `tukhoadiadiem` (
  `MaTuKhoaTenDiaDiem` int(11) NOT NULL AUTO_INCREMENT,
  `TuKhoaTenDiaDiem` varchar(128) DEFAULT NULL,
  `MaTenDiaDiem` int(11) DEFAULT NULL,
  PRIMARY KEY (`MaTuKhoaTenDiaDiem`)
) ENGINE=InnoDB AUTO_INCREMENT=93160 DEFAULT CHARSET=utf8;

-- Dumping data for table vnfinder.tukhoadiadiem: ~55 rows (approximately)
/*!40000 ALTER TABLE `tukhoadiadiem` DISABLE KEYS */;
INSERT INTO `tukhoadiadiem` (`MaTuKhoaTenDiaDiem`, `TuKhoaTenDiaDiem`, `MaTenDiaDiem`) VALUES
	(62326, 'ATM Ficom Bank', NULL),
	(62327, 'ATMFicomBank', NULL),
	(62358, 'ATM Sea Bank', 1050),
	(62359, 'ATMSeaBank', 1050),
	(62366, 'ATM VIB Bank', 1057),
	(62367, 'ATMVIBBank', 1057),
	(63066, 'Nha hang Hoa Mai', 1957),
	(63067, 'NhahangHoaMai', 1957),
	(63196, 'ca phe Thuy Ta', 2004),
	(63197, 'NhahangThuyTa', 2004),
	(63457, 'Phong kham Mat', NULL),
	(63458, 'PhongkhamMat', NULL),
	(65952, 'quan ca phe sinh to 209', NULL),
	(65954, 'ca phe sinh to 209', NULL),
	(65955, 'sinh to 209', NULL),
	(65967, 'quan ca phe 036', NULL),
	(65969, 'ca phe 036', NULL),
	(65975, 'quan ca phe 12', NULL),
	(65976, 'ca phe 12', NULL),
	(66043, 'quan ca phe 261 ta uyen', NULL),
	(66045, 'ca phe 261 ta uyen', NULL),
	(66301, 'ca phe cay bang', NULL),
	(66358, 'compactdist 1 ca phe', NULL),
	(66359, 'ca phe compactD', NULL),
	(66647, 'quancafe hong tra', NULL),
	(66648, 'q.cafe hong tra', NULL),
	(66650, 'hong tra', NULL),
	(66935, 'q.cafe lang du', NULL),
	(66936, 'quancafe lang du', NULL),
	(66938, 'lang du', NULL),
	(67235, 'nst', NULL),
	(67432, 'Quan Cafe Thai Binh', NULL),
	(67433, 'QuanCafeThaiBinh', NULL),
	(67474, 'Quan cafe The Moon', NULL),
	(67475, 'QuancafeTheMoon', NULL),
	(67652, 'San bong Da', NULL),
	(67653, 'SanbongDa', NULL),
	(89647, 'tram y te', NULL),
	(89648, 'y te', NULL),
	(89649, '144', NULL),
	(89650, '53A', NULL),
	(91878, '925', NULL),
	(92095, 'cho p dinh', NULL),
	(92096, 'ch pd', NULL),
	(92097, 'ch phu dinh', NULL),
	(92098, 'cho phu dinh', NULL),
	(92099, 'chophudinh', NULL),
	(92100, 'p dinh', NULL),
	(92101, 'pdinh', NULL),
	(92102, 'phudinh', NULL),
	(93155, 'cat tuong', NULL),
	(93156, 'cattuong', NULL),
	(93157, 'nha tro pham the hien', NULL),
	(93158, 'phong cho thue pham the hien', NULL),
	(93159, 'phong tro pham the hien', NULL);
/*!40000 ALTER TABLE `tukhoadiadiem` ENABLE KEYS */;


-- Dumping structure for table vnfinder.tukhoadichvu
CREATE TABLE IF NOT EXISTS `tukhoadichvu` (
  `MaTuKhoaDichVu` int(11) NOT NULL AUTO_INCREMENT,
  `TuKhoaDichVu` varchar(64) DEFAULT NULL,
  `MaDichVu` int(11) DEFAULT NULL,
  PRIMARY KEY (`MaTuKhoaDichVu`)
) ENGINE=InnoDB AUTO_INCREMENT=601 DEFAULT CHARSET=utf8;

-- Dumping data for table vnfinder.tukhoadichvu: ~65 rows (approximately)
/*!40000 ALTER TABLE `tukhoadichvu` DISABLE KEYS */;
INSERT INTO `tukhoadichvu` (`MaTuKhoaDichVu`, `TuKhoaDichVu`, `MaDichVu`) VALUES
	(373, 'truog', 2),
	(374, 'truong', 2),
	(375, 'truong hoc', 2),
	(376, 'truonghoc', 2),
	(377, 'ca fe', 3),
	(378, 'ca phe', 3),
	(379, 'cafe', 3),
	(380, 'caphe', 3),
	(381, 'coff', 3),
	(382, 'coffe', 3),
	(383, 'coffee', 3),
	(384, 'eating', 4),
	(385, 'eating house', 4),
	(386, 'eating place', 4),
	(387, 'eatinghouse', 4),
	(388, 'eatingplace', 4),
	(389, 'quan an', 4),
	(390, 'quanan', 4),
	(391, 'tiem an', 4),
	(392, 'tieman', 4),
	(393, 'atm', 5),
	(394, 'cash machine', 5),
	(395, 'cash point', 5),
	(396, 'cashmachine', 5),
	(397, 'cashpoint', 5),
	(398, 'rut tien', 5),
	(399, 'ruttien', 5),
	(428, 'cat toc', 8),
	(429, 'cattoc', 8),
	(430, 'hair cut', 8),
	(431, 'hair cutting', 8),
	(432, 'haircut', 8),
	(433, 'haircutting', 8),
	(434, 'hot toc', 8),
	(435, 'hotoc', 8),
	(436, 'hottoc', 8),
	(441, 'nha hang', 10),
	(442, 'nha han', 10),
	(443, 'restaurant', 10),
	(459, 'c v', 12),
	(460, 'c. vien', 12),
	(461, 'c.vien', 12),
	(462, 'cog vien', 12),
	(463, 'cogvien', 12),
	(464, 'cong vien', 12),
	(465, 'congvien', 12),
	(466, 'cv', 12),
	(467, 'park', 12),
	(468, 'cho', 13),
	(469, 'market', 13),
	(470, 'supermarket', 13),
	(558, 'ben xe', 16),
	(559, 'benxe', 16),
	(561, 'depot', 16),
	(563, 'nha xe', 16),
	(564, 'nhaxe', 16),
	(592, 'ben xe bus', 18),
	(593, 'benxebus', 18),
	(594, 'bus', 18),
	(595, 'bus station', 18),
	(596, 'bus stop', 18),
	(597, 'busstation', 18),
	(598, 'busstop', 18),
	(599, 'car park', 18),
	(600, 'carpark', 18);
/*!40000 ALTER TABLE `tukhoadichvu` ENABLE KEYS */;


-- Dumping structure for table vnfinder.tukhoaduong
CREATE TABLE IF NOT EXISTS `tukhoaduong` (
  `MaTuKhoaDuong` int(11) NOT NULL AUTO_INCREMENT,
  `TuKhoaDuong` varchar(64) DEFAULT NULL,
  `MaDuong` int(11) DEFAULT NULL,
  PRIMARY KEY (`MaTuKhoaDuong`)
) ENGINE=InnoDB AUTO_INCREMENT=2479 DEFAULT CHARSET=utf8;

-- Dumping data for table vnfinder.tukhoaduong: ~486 rows (approximately)
/*!40000 ALTER TABLE `tukhoaduong` DISABLE KEYS */;
INSERT INTO `tukhoaduong` (`MaTuKhoaDuong`, `TuKhoaDuong`, `MaDuong`) VALUES
	(1523, 'dinh tien hoang', 855),
	(1524, 'dinhtienhoang', 855),
	(1527, 'hai ba trung', 928),
	(1528, 'haibatrung', 928),
	(1533, 'cmt8', 769),
	(1534, 'cach mang thang 8', 769),
	(1535, 'cachmangthang8', 769),
	(1542, 'd b p', 849),
	(1543, 'd bien p', 849),
	(1544, 'dbienp', 849),
	(1545, 'dbp', 849),
	(1546, 'dien b p', 849),
	(1547, 'dien b phu', 849),
	(1548, 'dien bien p', 849),
	(1549, 'dien bien phu', 849),
	(1550, 'dienbienp', 849),
	(1551, 'dienbienphu', 849),
	(1552, 'dienbp', 849),
	(1553, 'dienbphu', 849),
	(1560, 'ham nghi', 930),
	(1561, 'hamnghi', 930),
	(1562, 'le duan', 994),
	(1563, 'leduan', 994),
	(1570, 'ho tung mau', 947),
	(1571, 'hotungmau', 947),
	(1576, 'cong quynh', 809),
	(1577, 'congquynh', 809),
	(1584, 'calmette', 770),
	(1595, 'ba le chan', 731),
	(1596, 'balechan', 731),
	(1605, 'dinh cong trang', 852),
	(1606, 'dinhcongtrang', 852),
	(1615, 'hoang sa', 962),
	(1616, 'hoangsa', 962),
	(1617, 'chu manh trinh', 791),
	(1618, 'chumanhtrinh', 791),
	(1627, 'dong khoi', 882),
	(1628, 'dongkhoi', 882),
	(1631, 'co giang', 805),
	(1632, 'cogiang', 805),
	(1637, 'han thuyen', 931),
	(1638, 'hanthuyen', 931),
	(1639, 'alexandre de rhodes', 714),
	(1640, 'alexandrederhodes', 714),
	(1642, 'de tham', 847),
	(1643, 'detham', 847),
	(1646, 'bui thi xuan', 762),
	(1647, 'buithixuan', 762),
	(1648, 'le lai', 998),
	(1649, 'lelai', 998),
	(1650, 'ho hao hon', 944),
	(1651, 'hohaohon', 944),
	(1654, 'co bac', 804),
	(1655, 'cobac', 804),
	(1658, 'huynh thuc khang', 977),
	(1659, 'huynhthuckhang', 977),
	(1660, 'dong du', 876),
	(1661, 'dongdu', 876),
	(1664, 'bui vien', 765),
	(1665, 'buivien', 765),
	(1690, 'dang tat', 825),
	(1691, 'dangtat', 825),
	(1692, 'dang dung', 822),
	(1693, 'dangdung', 822),
	(1712, 'h h t', 957),
	(1713, 'h hoa t', 957),
	(1714, 'hhoat', 957),
	(1715, 'hht', 957),
	(1716, 'hoang h t', 957),
	(1717, 'hoang hoa t', 957),
	(1718, 'hoang hoa tham', 957),
	(1719, 'hoanghoat', 957),
	(1720, 'hoanghoatham', 957),
	(1721, 'hoanght', 957),
	(1722, 'cong hoa', 806),
	(1723, 'conghoa', 806),
	(1727, 'hoang van thu', 964),
	(1728, 'hoangvanthu', 964),
	(1729, 'lac long quan', 988),
	(1730, 'laclongquan', 988),
	(1737, 'au co', 723),
	(1738, 'auco', 723),
	(1739, 'hoang dieu', 955),
	(1740, 'hoangdieu', 955),
	(1755, 'ben van don', 746),
	(1756, 'benvandon', 746),
	(1757, 'doan van bo', 873),
	(1758, 'doanvanbo', 873),
	(1771, 'hung vuong', 970),
	(1772, 'hungvuong', 970),
	(1773, 'an duong vuong', 716),
	(1774, 'anduongvuong', 716),
	(1789, 'cao dat', 771),
	(1790, 'caodat', 771),
	(1795, 'le hong phong', 997),
	(1796, 'lehongphong', 997),
	(1797, 'b h n', 757),
	(1798, 'b h nghia', 757),
	(1799, 'b huu nghia', 757),
	(1800, 'b. h nghia', 757),
	(1801, 'b. h. nghia', 757),
	(1802, 'b. huu nghia', 757),
	(1803, 'b.h.nghia', 757),
	(1804, 'b.hnghia', 757),
	(1805, 'b.huunghia', 757),
	(1806, 'bhn', 757),
	(1807, 'bhnghia', 757),
	(1808, 'bhuunghia', 757),
	(1809, 'bui h n', 757),
	(1810, 'bui h nghia', 757),
	(1811, 'bui hu nghia', 757),
	(1812, 'bui huu n', 757),
	(1813, 'bui huu nghia', 757),
	(1814, 'buihn', 757),
	(1815, 'buihnghia', 757),
	(1816, 'buihunghia', 757),
	(1817, 'buihuun', 757),
	(1818, 'buihuunghia', 757),
	(1819, 'chieu anh cac', 789),
	(1820, 'chieuanhcac', 789),
	(1821, 'bach van', 737),
	(1822, 'bachvan', 737),
	(1825, 'an binh', 715),
	(1826, 'anbinh', 715),
	(1837, 'hai thuong lan ong', 929),
	(1838, 'haithuonglanong', 929),
	(1843, 'chau van liem', 787),
	(1844, 'chauvanliem', 787),
	(1855, ', cong', 921),
	(1856, ',cong', 921),
	(1857, 'ben bai say', 739),
	(1858, 'benbaisay', 739),
	(1861, 'do n,c thanh', 862),
	(1862, 'don,cthanh', 862),
	(1863, 'duong tu giang', 915),
	(1864, 'duongtugiang', 915),
	(1873, 'ha ton quyen', 927),
	(1874, 'hatonquyen', 927),
	(1887, 'dang thai than', 826),
	(1888, 'dangthaithan', 826),
	(1895, 'ba hom', 729),
	(1896, 'bahom', 729),
	(1897, 'bai say', 738),
	(1898, 'baisay', 738),
	(1899, 'ben lo ,m', 741),
	(1900, 'benlo,m', 741),
	(1901, 'ben phu lam', 745),
	(1902, 'benphulam', 745),
	(1903, 'binh phu', 750),
	(1904, 'binhphu', 750),
	(1905, 'binh tay', 751),
	(1906, 'binhtay', 751),
	(1907, 'binh tien', 752),
	(1908, 'binhtien', 752),
	(1909, 'buu dinh', 766),
	(1910, 'buudinh', 766),
	(1911, 'cao van lau', 774),
	(1912, 'caovanlau', 774),
	(1913, 'cho lon', 790),
	(1914, 'cholon', 790),
	(1915, 'chu van an', 793),
	(1916, 'chuvanan', 793),
	(1917, 'dhg', 848),
	(1918, 'dang nguyen can', 823),
	(1919, 'dangnguyencan', 823),
	(1920, 'gia phu', 919),
	(1921, 'giaphu', 919),
	(1922, 'hau giang', 932),
	(1923, 'haugiang', 932),
	(1924, 'hong bang', 966),
	(1925, 'hongbang', 966),
	(1926, 'kinh duong vuong', 986),
	(1927, 'kinhduongvuong', 986),
	(2066, 'hoang dao thuy', 954),
	(2067, 'hoangdaothuy', 954),
	(2068, 'ba to', 732),
	(2069, 'bato', 732),
	(2072, 'ho hoc lam', 945),
	(2073, 'hohoclam', 945),
	(2084, 'duong so 41', 911),
	(2085, 'duongso41', 911),
	(2088, 'dai lo dong tay', 817),
	(2089, 'dailodongtay', 817),
	(2090, 'ben me coc', 742),
	(2091, 'benmecoc', 742),
	(2092, 'ben binh dong', 740),
	(2093, 'benbinhdong', 740),
	(2100, 'hoang si khai', 963),
	(2101, 'hoangsikhai', 963),
	(2102, 'cay sung', 779),
	(2103, 'caysung', 779),
	(2106, 'hoai thanh', 953),
	(2107, 'hoaithanh', 953),
	(2108, 'bui huy bich', 758),
	(2109, 'buihuybich', 758),
	(2112, 'bui minh truc', 760),
	(2113, 'buiminhtruc', 760),
	(2118, 'hung phu', 969),
	(2119, 'hungphu', 969),
	(2120, 'duong so 1011', 902),
	(2121, 'duongso1011', 902),
	(2150, 'ba dinh', 728),
	(2151, 'badinh', 728),
	(2152, 'cao lo', 772),
	(2153, 'caolo', 772),
	(2154, 'da nam', 816),
	(2155, 'danam', 816),
	(2158, 'duong ba trac', 890),
	(2159, 'duongbatrac', 890),
	(2160, 'kenh tau hu', 981),
	(2161, 'kenhtauhu', 981),
	(2174, 'do xuan hop', 868),
	(2175, 'doxuanhop', 868),
	(2176, 'dinh phong phu', 854),
	(2177, 'dinhphongphu', 854),
	(2190, 'hoang huu nam', 958),
	(2191, 'hoanghuunam', 958),
	(2192, 'la xuan oai', 987),
	(2193, 'laxuanoai', 987),
	(2194, 'duong dinh hoi', 894),
	(2195, 'duongdinhhoi', 894),
	(2200, '3 thang 2', 701),
	(2201, '3thang2', 701),
	(2202, 'bac hai', 735),
	(2203, 'bachai', 735),
	(2204, 'cao thang', 773),
	(2205, 'caothang', 773),
	(2206, 'dao duy tu', 833),
	(2207, 'daoduytu', 833),
	(2208, 'dong nai', 883),
	(2209, 'dongnai', 883),
	(2210, 'ho ba kien', 942),
	(2211, 'hobakien', 942),
	(2212, 'hoa hao', 951),
	(2213, 'hoahao', 951),
	(2214, 'hoa hung', 952),
	(2215, 'hoahung', 952),
	(2230, 'a khu adc', 713),
	(2231, 'akhuadc', 713),
	(2232, 'b khu adc', 725),
	(2233, 'bkhuadc', 725),
	(2234, 'b3', 726),
	(2235, 'duog b3', 726),
	(2236, 'duogb3', 726),
	(2237, 'duong b3', 726),
	(2238, 'duongb3', 726),
	(2239, 'b4', 727),
	(2240, 'duog b4', 727),
	(2241, 'duogb4', 727),
	(2242, 'duong b4', 727),
	(2243, 'duongb4', 727),
	(2244, 'bac ai', 734),
	(2245, 'bacai', 734),
	(2246, 'binh long', 749),
	(2247, 'binhlong', 749),
	(2248, 'bo bao tan thang', 753),
	(2249, 'bobaotanthang', 753),
	(2250, 'bui the my', 761),
	(2251, 'buithemy', 761),
	(2252, 'c5', 767),
	(2253, 'duog c5', 767),
	(2254, 'duogc5', 767),
	(2255, 'duong c5', 767),
	(2256, 'duongc5', 767),
	(2257, 'c8', 768),
	(2258, 'duog c8', 768),
	(2259, 'duogc8', 768),
	(2260, 'duong c8', 768),
	(2261, 'duongc8', 768),
	(2262, 'cau xeo', 777),
	(2263, 'cauxeo', 777),
	(2264, 'cay keo', 778),
	(2265, 'caykeo', 778),
	(2266, 'cc2', 781),
	(2267, 'duog cc2', 781),
	(2268, 'duogcc2', 781),
	(2269, 'duong cc2', 781),
	(2270, 'duongcc2', 781),
	(2271, 'cc3', 782),
	(2272, 'duog cc3', 782),
	(2273, 'duogcc3', 782),
	(2274, 'duong cc3', 782),
	(2275, 'duongcc3', 782),
	(2276, 'cc4', 783),
	(2277, 'duog cc4', 783),
	(2278, 'duogcc4', 783),
	(2279, 'duong cc4', 783),
	(2280, 'duongcc4', 783),
	(2281, 'cc5', 784),
	(2282, 'duog cc5', 784),
	(2283, 'duogcc5', 784),
	(2284, 'duong cc5', 784),
	(2285, 'duongcc5', 784),
	(2286, 'che lan vien', 788),
	(2287, 'chelanvien', 788),
	(2288, 'chu thien', 792),
	(2289, 'chuthien', 792),
	(2290, 'cn1', 795),
	(2291, 'duog cn1', 795),
	(2292, 'duogcn1', 795),
	(2293, 'duong cn1', 795),
	(2294, 'duongcn1', 795),
	(2295, 'cn10', 796),
	(2296, 'duog cn10', 796),
	(2297, 'duogcn10', 796),
	(2298, 'duong cn10', 796),
	(2299, 'duongcn10', 796),
	(2300, 'cn11', 797),
	(2301, 'duog cn11', 797),
	(2302, 'duogcn11', 797),
	(2303, 'duong cn11', 797),
	(2304, 'duongcn11', 797),
	(2305, 'cn13', 798),
	(2306, 'duog cn13', 798),
	(2307, 'duogcn13', 798),
	(2308, 'duong cn13', 798),
	(2309, 'duongcn13', 798),
	(2310, 'cn2', 799),
	(2311, 'duog cn2', 799),
	(2312, 'duogcn2', 799),
	(2313, 'duong cn2', 799),
	(2314, 'duongcn2', 799),
	(2315, 'cn3', 800),
	(2316, 'duog cn3', 800),
	(2317, 'duogcn3', 800),
	(2318, 'duong cn3', 800),
	(2319, 'duongcn3', 800),
	(2320, 'cn4', 801),
	(2321, 'duog cn4', 801),
	(2322, 'duogcn4', 801),
	(2323, 'duong cn4', 801),
	(2324, 'duongcn4', 801),
	(2325, 'cn6', 802),
	(2326, 'duog cn6', 802),
	(2327, 'duogcn6', 802),
	(2328, 'duong cn6', 802),
	(2329, 'duongcn6', 802),
	(2330, 'cn8', 803),
	(2331, 'duog cn8', 803),
	(2332, 'duogcn8', 803),
	(2333, 'duong cn8', 803),
	(2334, 'duongcn8', 803),
	(2335, 'cong hoa 3', 807),
	(2336, 'conghoa3', 807),
	(2337, 'd10', 811),
	(2338, 'duog d10', 811),
	(2339, 'duogd10', 811),
	(2340, 'duong d10', 811),
	(2341, 'duongd10', 811),
	(2342, 'd11', 812),
	(2343, 'duog d11', 812),
	(2344, 'duogd11', 812),
	(2345, 'duong d11', 812),
	(2346, 'duongd11', 812),
	(2347, 'd13', 813),
	(2348, 'duog d13', 813),
	(2349, 'duogd13', 813),
	(2350, 'duong d13', 813),
	(2351, 'duongd13', 813),
	(2352, 'd16', 814),
	(2353, 'duog d16', 814),
	(2354, 'duogd16', 814),
	(2355, 'duong d16', 814),
	(2356, 'duongd16', 814),
	(2357, 'd9', 815),
	(2358, 'duog d9', 815),
	(2359, 'duogd9', 815),
	(2360, 'duong d9', 815),
	(2361, 'duongd9', 815),
	(2362, 'dam than huy', 818),
	(2363, 'damthanhuy', 818),
	(2364, 'dan toc', 820),
	(2365, 'dantoc', 820),
	(2366, 'dc1', 838),
	(2367, 'duog dc1', 838),
	(2368, 'duogdc1', 838),
	(2369, 'duong dc1', 838),
	(2370, 'duongdc1', 838),
	(2371, 'dc11', 839),
	(2372, 'duog dc11', 839),
	(2373, 'duogdc11', 839),
	(2374, 'duong dc11', 839),
	(2375, 'duongdc11', 839),
	(2376, 'dc3', 840),
	(2377, 'duog dc3', 840),
	(2378, 'duogdc3', 840),
	(2379, 'duong dc3', 840),
	(2380, 'duongdc3', 840),
	(2381, 'dc4', 841),
	(2382, 'duog dc4', 841),
	(2383, 'duogdc4', 841),
	(2384, 'duong dc4', 841),
	(2385, 'duongdc4', 841),
	(2386, 'dc5', 842),
	(2387, 'duog dc5', 842),
	(2388, 'duogdc5', 842),
	(2389, 'duong dc5', 842),
	(2390, 'duongdc5', 842),
	(2391, 'dc6', 843),
	(2392, 'duog dc6', 843),
	(2393, 'duogdc6', 843),
	(2394, 'duong dc6', 843),
	(2395, 'duongdc6', 843),
	(2396, 'dc7', 844),
	(2397, 'duog dc7', 844),
	(2398, 'duogdc7', 844),
	(2399, 'duong dc7', 844),
	(2400, 'duongdc7', 844),
	(2401, 'dc8', 845),
	(2402, 'duog dc8', 845),
	(2403, 'duogdc8', 845),
	(2404, 'duong dc8', 845),
	(2405, 'duongdc8', 845),
	(2406, 'dc9', 846),
	(2407, 'duog dc9', 846),
	(2408, 'duogdc9', 846),
	(2409, 'duong dc9', 846),
	(2410, 'duongdc9', 846),
	(2411, 'dien cao the', 850),
	(2412, 'diencaothe', 850),
	(2413, 'dinh liet', 853),
	(2414, 'dinhliet', 853),
	(2415, 'do bi', 856),
	(2416, 'dobi', 856),
	(2417, 'do cong tuong', 857),
	(2418, 'docongtuong', 857),
	(2419, 'do doc loc', 858),
	(2420, 'dodocloc', 858),
	(2421, 'do doc long', 859),
	(2422, 'dodoclong', 859),
	(2423, 'do doc thu', 860),
	(2424, 'dodocthu', 860),
	(2425, 'do duc duc', 861),
	(2426, 'doducduc', 861),
	(2427, 'do nhuan', 863),
	(2428, 'donhuan', 863),
	(2429, 'do thi tam', 865),
	(2430, 'dothitam', 865),
	(2431, 'do thua luong', 866),
	(2432, 'dothualuong', 866),
	(2433, 'do thua tu', 867),
	(2434, 'dothuatu', 867),
	(2435, 'doan gioi', 870),
	(2436, 'doangioi', 870),
	(2437, 'doan ket', 872),
	(2438, 'doanket', 872),
	(2439, 'doc lap', 874),
	(2440, 'doclap', 874),
	(2441, 'duong duc hien', 895),
	(2442, 'duongduchien', 895),
	(2443, 'duong khue', 897),
	(2444, 'duongkhue', 897),
	(2445, 'duong van duong', 917),
	(2446, 'duongvanduong', 917),
	(2447, ', dau', 922),
	(2448, ',dau', 922),
	(2449, 'hien vuong', 933),
	(2450, 'hienvuong', 933),
	(2451, 'ho dac di', 943),
	(2452, 'hodacdi', 943),
	(2453, 'hoa binh', 950),
	(2454, 'hoabinh', 950),
	(2455, 'hoang n,c phach', 960),
	(2456, 'hoangn,cphach', 960),
	(2457, 'hoang xuan nhi', 965),
	(2458, 'hoangxuannhi', 965),
	(2459, 'huynh thien loc', 975),
	(2460, 'huynhthienloc', 975),
	(2461, 'huynh thieu hoa', 976),
	(2462, 'huynhthieuhoa', 976),
	(2463, 'kenh 19.5', 979),
	(2464, 'kenh19.5', 979),
	(2465, 'kenh tan hoa', 980),
	(2466, 'kenhtanhoa', 980),
	(2467, 'khuong viet', 985),
	(2468, 'khuongviet', 985),
	(2469, 'le canh tuan', 991),
	(2470, 'lecanhtuan', 991),
	(2471, 'le cao lang', 992),
	(2472, 'lecaolang', 992),
	(2473, 'le dinh tham', 993),
	(2474, 'ledinhtham', 993),
	(2475, 'le lam', 999),
	(2476, 'lelam', 999),
	(2477, 'le lang', 1000),
	(2478, 'lelang', 1000);
/*!40000 ALTER TABLE `tukhoaduong` ENABLE KEYS */;


-- Dumping structure for table vnfinder.tukhoaphuong
CREATE TABLE IF NOT EXISTS `tukhoaphuong` (
  `MaTuKhoaPhuong` int(11) NOT NULL AUTO_INCREMENT,
  `TuKhoaPhuong` varchar(64) DEFAULT NULL,
  `MaPhuong` int(11) DEFAULT NULL,
  PRIMARY KEY (`MaTuKhoaPhuong`)
) ENGINE=InnoDB AUTO_INCREMENT=1501 DEFAULT CHARSET=utf8;

-- Dumping data for table vnfinder.tukhoaphuong: ~778 rows (approximately)
/*!40000 ALTER TABLE `tukhoaphuong` DISABLE KEYS */;
INSERT INTO `tukhoaphuong` (`MaTuKhoaPhuong`, `TuKhoaPhuong`, `MaPhuong`) VALUES
	(723, 'ben nghe', 170),
	(724, 'bennghe', 170),
	(725, 'ben thanh', 171),
	(726, 'benthanh', 171),
	(727, 'co giang', 188),
	(728, 'cogiang', 188),
	(729, 'cau kho', 186),
	(730, 'caukho', 186),
	(731, 'cau ong lanh', 187),
	(732, 'cauonglanh', 187),
	(733, 'da cao', 189),
	(734, 'da kao', 189),
	(735, 'dacao', 189),
	(736, 'dakao', 189),
	(737, 'nguyen thai binh', 211),
	(738, 'nguyenthaibinh', 211),
	(739, 'nguyen cu trinh', 210),
	(740, 'nguyencutrinh', 210),
	(741, 'pham ngu lao', 214),
	(742, 'phamngulao', 214),
	(743, 'tan dinh', 234),
	(744, 'tandinh', 234),
	(745, 'p 1', 136),
	(746, 'p mot', 136),
	(747, 'p.1', 136),
	(748, 'p.mot', 136),
	(749, 'p1', 136),
	(750, 'ph 1', 136),
	(751, 'ph mot', 136),
	(752, 'ph.1', 136),
	(753, 'ph.mot', 136),
	(754, 'ph1', 136),
	(755, 'phmot', 136),
	(756, 'phuog 1', 136),
	(757, 'phuog mot', 136),
	(758, 'phuog1', 136),
	(759, 'phuogmot', 136),
	(760, 'phuong 1', 136),
	(761, 'phuong mot', 136),
	(762, 'phuong1', 136),
	(763, 'phuongmot', 136),
	(764, 'pmot', 136),
	(765, 'p 2', 147),
	(766, 'p hai', 147),
	(767, 'p.2', 147),
	(768, 'p.hai', 147),
	(769, 'p2', 147),
	(770, 'ph 2', 147),
	(771, 'ph hai', 147),
	(772, 'ph.2', 147),
	(773, 'ph.hai', 147),
	(774, 'ph2', 147),
	(775, 'phai', 147),
	(776, 'phhai', 147),
	(777, 'phuog 2', 147),
	(778, 'phuog hai', 147),
	(779, 'phuog2', 147),
	(780, 'phuoghai', 147),
	(781, 'phuong 2', 147),
	(782, 'phuong hai', 147),
	(783, 'phuong2', 147),
	(784, 'phuonghai', 147),
	(785, 'p 3', 157),
	(786, 'p ba', 157),
	(787, 'p.3', 157),
	(788, 'p.ba', 157),
	(789, 'p3', 157),
	(790, 'pba', 157),
	(791, 'ph 3', 157),
	(792, 'ph ba', 157),
	(793, 'ph.3', 157),
	(794, 'ph.ba', 157),
	(795, 'ph3', 157),
	(796, 'phba', 157),
	(797, 'phuog 3', 157),
	(798, 'phuog ba', 157),
	(799, 'phuog3', 157),
	(800, 'phuogba', 157),
	(801, 'phuong 3', 157),
	(802, 'phuong ba', 157),
	(803, 'phuong3', 157),
	(804, 'phuongba', 157),
	(805, 'p 4', 158),
	(806, 'p bon', 158),
	(807, 'p.4', 158),
	(808, 'p.bon', 158),
	(809, 'p4', 158),
	(810, 'pbon', 158),
	(811, 'ph 4', 158),
	(812, 'ph bon', 158),
	(813, 'ph.4', 158),
	(814, 'ph.bon', 158),
	(815, 'ph4', 158),
	(816, 'phbon', 158),
	(817, 'phuog 4', 158),
	(818, 'phuog bon', 158),
	(819, 'phuog4', 158),
	(820, 'phuogbon', 158),
	(821, 'phuong 4', 158),
	(822, 'phuong bon', 158),
	(823, 'phuong4', 158),
	(824, 'phuongbon', 158),
	(825, 'p 5', 159),
	(826, 'p nam', 159),
	(827, 'p.5', 159),
	(828, 'p.nam', 159),
	(829, 'p5', 159),
	(830, 'ph 5', 159),
	(831, 'ph nam', 159),
	(832, 'ph.5', 159),
	(833, 'ph.nam', 159),
	(834, 'ph5', 159),
	(835, 'phnam', 159),
	(836, 'phuog 5', 159),
	(837, 'phuog nam', 159),
	(838, 'phuog5', 159),
	(839, 'phuognam', 159),
	(840, 'phuong 5', 159),
	(841, 'phuong nam', 159),
	(842, 'phuong5', 159),
	(843, 'phuongnam', 159),
	(844, 'pnam', 159),
	(845, 'p 6', 160),
	(846, 'p sau', 160),
	(847, 'p.6', 160),
	(848, 'p.sau', 160),
	(849, 'p6', 160),
	(850, 'ph 6', 160),
	(851, 'ph sau', 160),
	(852, 'ph.6', 160),
	(853, 'ph.sau', 160),
	(854, 'ph6', 160),
	(855, 'phsau', 160),
	(856, 'phuog 6', 160),
	(857, 'phuog sau', 160),
	(858, 'phuog6', 160),
	(859, 'phuogsau', 160),
	(860, 'phuong 6', 160),
	(861, 'phuong sau', 160),
	(862, 'phuong6', 160),
	(863, 'phuongsau', 160),
	(864, 'psau', 160),
	(865, 'p 7', 161),
	(866, 'p bay', 161),
	(867, 'p.7', 161),
	(868, 'p.bay', 161),
	(869, 'p7', 161),
	(870, 'pbay', 161),
	(871, 'ph 7', 161),
	(872, 'ph bay', 161),
	(873, 'ph.7', 161),
	(874, 'ph.bay', 161),
	(875, 'ph7', 161),
	(876, 'phbay', 161),
	(877, 'phuog 7', 161),
	(878, 'phuog bay', 161),
	(879, 'phuog7', 161),
	(880, 'phuogbay', 161),
	(881, 'phuong 7', 161),
	(882, 'phuong bay', 161),
	(883, 'phuong7', 161),
	(884, 'phuongbay', 161),
	(885, 'p 8', 162),
	(886, 'p tam', 162),
	(887, 'p.8', 162),
	(888, 'p.tam', 162),
	(889, 'p8', 162),
	(890, 'ph 8', 162),
	(891, 'ph tam', 162),
	(892, 'ph.8', 162),
	(893, 'ph.tam', 162),
	(894, 'ph8', 162),
	(895, 'phtam', 162),
	(896, 'phuog 8', 162),
	(897, 'phuog tam', 162),
	(898, 'phuog8', 162),
	(899, 'phuogtam', 162),
	(900, 'phuong 8', 162),
	(901, 'phuong tam', 162),
	(902, 'phuong8', 162),
	(903, 'phuongtam', 162),
	(904, 'ptam', 162),
	(905, 'p 9', 163),
	(906, 'p chin', 163),
	(907, 'p.9', 163),
	(908, 'p.chin', 163),
	(909, 'p9', 163),
	(910, 'pchin', 163),
	(911, 'ph 9', 163),
	(912, 'ph chin', 163),
	(913, 'ph.9', 163),
	(914, 'ph.chin', 163),
	(915, 'ph9', 163),
	(916, 'phchin', 163),
	(917, 'phuog 9', 163),
	(918, 'phuog chin', 163),
	(919, 'phuog9', 163),
	(920, 'phuogchin', 163),
	(921, 'phuong 9', 163),
	(922, 'phuong chin', 163),
	(923, 'phuong9', 163),
	(924, 'phuongchin', 163),
	(925, 'p 10', 137),
	(926, 'p muoi', 137),
	(927, 'p.10', 137),
	(928, 'p.muoi', 137),
	(929, 'p10', 137),
	(930, 'ph 10', 137),
	(931, 'ph muoi', 137),
	(932, 'ph.10', 137),
	(933, 'ph.muoi', 137),
	(934, 'ph10', 137),
	(935, 'phmuoi', 137),
	(936, 'phuog 10', 137),
	(937, 'phuog muoi', 137),
	(938, 'phuog10', 137),
	(939, 'phuogmuoi', 137),
	(940, 'phuong 10', 137),
	(941, 'phuong muoi', 137),
	(942, 'phuong10', 137),
	(943, 'phuongmuoi', 137),
	(944, 'pmuoi', 137),
	(945, 'p 11', 138),
	(946, 'p muoi mot', 138),
	(947, 'p.11', 138),
	(948, 'p.muoi mot', 138),
	(949, 'p.muoimot', 138),
	(950, 'p11', 138),
	(951, 'ph 11', 138),
	(952, 'ph muoi mot', 138),
	(953, 'ph.11', 138),
	(954, 'ph.muoi mot', 138),
	(955, 'ph.muoimot', 138),
	(956, 'ph11', 138),
	(957, 'phmuoimot', 138),
	(958, 'phuog 11', 138),
	(959, 'phuog muoi mot', 138),
	(960, 'phuog11', 138),
	(961, 'phuogmuoimot', 138),
	(962, 'phuong 11', 138),
	(963, 'phuong muoi mot', 138),
	(964, 'phuong11', 138),
	(965, 'phuongmuoimot', 138),
	(966, 'pmuoimot', 138),
	(967, 'p 12', 139),
	(968, 'p muoi hai', 139),
	(969, 'p.12', 139),
	(970, 'p.muoi hai', 139),
	(971, 'p.muoihai', 139),
	(972, 'p12', 139),
	(973, 'ph 12', 139),
	(974, 'ph muoi hai', 139),
	(975, 'ph.12', 139),
	(976, 'ph.muoi hai', 139),
	(977, 'ph.muoihai', 139),
	(978, 'ph12', 139),
	(979, 'phmuoihai', 139),
	(980, 'phuog 12', 139),
	(981, 'phuog muoi hai', 139),
	(982, 'phuog12', 139),
	(983, 'phuogmuoihai', 139),
	(984, 'phuong 12', 139),
	(985, 'phuong muoi hai', 139),
	(986, 'phuong12', 139),
	(987, 'phuongmuoihai', 139),
	(988, 'pmuoihai', 139),
	(989, 'p 13', 140),
	(990, 'p muoi ba', 140),
	(991, 'p.13', 140),
	(992, 'p.muoi ba', 140),
	(993, 'p.muoiba', 140),
	(994, 'p13', 140),
	(995, 'ph 13', 140),
	(996, 'ph muoi ba', 140),
	(997, 'ph.13', 140),
	(998, 'ph.muoi ba', 140),
	(999, 'ph.muoiba', 140),
	(1000, 'ph13', 140),
	(1001, 'phmuoiba', 140),
	(1002, 'phuog 13', 140),
	(1003, 'phuog muoi ba', 140),
	(1004, 'phuog13', 140),
	(1005, 'phuogmuoiba', 140),
	(1006, 'phuong 13', 140),
	(1007, 'phuong muoi ba', 140),
	(1008, 'phuong13', 140),
	(1009, 'phuongmuoiba', 140),
	(1010, 'pmuoiba', 140),
	(1011, 'p 14', 141),
	(1012, 'p muoi bon', 141),
	(1013, 'p.14', 141),
	(1014, 'p.muoi bon', 141),
	(1015, 'p.muoibon', 141),
	(1016, 'p14', 141),
	(1017, 'ph 14', 141),
	(1018, 'ph muoi bon', 141),
	(1019, 'ph.14', 141),
	(1020, 'ph.muoi bon', 141),
	(1021, 'ph.muoibon', 141),
	(1022, 'ph14', 141),
	(1023, 'phmuoibon', 141),
	(1024, 'phuog 14', 141),
	(1025, 'phuog muoi bon', 141),
	(1026, 'phuog14', 141),
	(1027, 'phuogmuoibon', 141),
	(1028, 'phuong 14', 141),
	(1029, 'phuong muoi bon', 141),
	(1030, 'phuong14', 141),
	(1031, 'phuongmuoibon', 141),
	(1032, 'pmuoibon', 141),
	(1033, 'p 15', 142),
	(1034, 'p muoi lam', 142),
	(1035, 'p.15', 142),
	(1036, 'p.muoi lam', 142),
	(1037, 'p.muoilam', 142),
	(1038, 'p15', 142),
	(1039, 'ph 15', 142),
	(1040, 'ph muoi lam', 142),
	(1041, 'ph.15', 142),
	(1042, 'ph.muoi lam', 142),
	(1043, 'ph.muoilam', 142),
	(1044, 'ph15', 142),
	(1045, 'phmuoilam', 142),
	(1046, 'phuog 15', 142),
	(1047, 'phuog muoi lam', 142),
	(1048, 'phuog15', 142),
	(1049, 'phuogmuoilam', 142),
	(1050, 'phuong 15', 142),
	(1051, 'phuong muoi lam', 142),
	(1052, 'phuong15', 142),
	(1053, 'phuongmuoilam', 142),
	(1054, 'pmuoilam', 142),
	(1055, 'p 16', 143),
	(1056, 'p muoi sau', 143),
	(1057, 'p.16', 143),
	(1058, 'p.muoi sau', 143),
	(1059, 'p.muoisau', 143),
	(1060, 'p16', 143),
	(1061, 'ph 16', 143),
	(1062, 'ph muoi sau', 143),
	(1063, 'ph.16', 143),
	(1064, 'ph.muoi sau', 143),
	(1065, 'ph.muoisau', 143),
	(1066, 'ph16', 143),
	(1067, 'phmuoisau', 143),
	(1068, 'phuog 16', 143),
	(1069, 'phuog muoi sau', 143),
	(1070, 'phuog16', 143),
	(1071, 'phuogmuoisau', 143),
	(1072, 'phuong 16', 143),
	(1073, 'phuong muoi sau', 143),
	(1074, 'phuong16', 143),
	(1075, 'phuongmuoisau', 143),
	(1076, 'pmuoisau', 143),
	(1077, 'p 18', 145),
	(1078, 'p muoi tam', 145),
	(1079, 'p.18', 145),
	(1080, 'p.muoi tam', 145),
	(1081, 'p.muoitam', 145),
	(1082, 'p18', 145),
	(1083, 'ph 18', 145),
	(1084, 'ph muoi tam', 145),
	(1085, 'ph.18', 145),
	(1086, 'ph.muoi tam', 145),
	(1087, 'ph.muoitam', 145),
	(1088, 'ph18', 145),
	(1089, 'phmuoitam', 145),
	(1090, 'phuog 18', 145),
	(1091, 'phuog muoi tam', 145),
	(1092, 'phuog18', 145),
	(1093, 'phuogmuoitam', 145),
	(1094, 'phuong 18', 145),
	(1095, 'phuong muoi tam', 145),
	(1096, 'phuong18', 145),
	(1097, 'phuongmuoitam', 145),
	(1098, 'pmuoitam', 145),
	(1099, 'hiep phu', 194),
	(1100, 'hiepphu', 194),
	(1101, 'long binh', 205),
	(1102, 'longbinh', 205),
	(1103, 'long phuoc', 206),
	(1104, 'longphuoc', 206),
	(1105, 'long truong', 209),
	(1106, 'longtruong', 209),
	(1107, 'long thanh mi', 207),
	(1108, 'long thanh my', 207),
	(1109, 'longthanhmi', 207),
	(1110, 'longthanhmy', 207),
	(1111, 'phu huu', 216),
	(1112, 'phuhuu', 216),
	(1113, 'phuoc binh', 223),
	(1114, 'phuocbinh', 223),
	(1115, 'phuoc long a', 226),
	(1116, 'phuoclonga', 226),
	(1117, 'phuoc long b', 227),
	(1118, 'phuoclongb', 227),
	(1119, 'tang nhon phu a', 258),
	(1120, 'tangnhonphua', 258),
	(1121, 'tang nhon phu b', 259),
	(1122, 'tangnhonphub', 259),
	(1123, 'tan phu', 242),
	(1124, 'tanphu', 242),
	(1125, 'truong thanh', 270),
	(1126, 'truongthanh', 270),
	(1127, 'hiep tan', 195),
	(1128, 'hieptan', 195),
	(1129, 'hoa thanh', 197),
	(1130, 'hoathanh', 197),
	(1131, 'phu thanh', 218),
	(1132, 'phuthanh', 218),
	(1133, 'phu tho hoa', 219),
	(1134, 'phuthohoa', 219),
	(1135, 'phu trung', 221),
	(1136, 'phutrung', 221),
	(1137, 'son ki', 229),
	(1138, 'son ky', 229),
	(1139, 'sonki', 229),
	(1140, 'sonky', 229),
	(1141, 'tan qui', 244),
	(1142, 'tan quy', 244),
	(1143, 'tanqui', 244),
	(1144, 'tanquy', 244),
	(1145, 'tan son nhi', 245),
	(1146, 'tansonnhi', 245),
	(1147, 'tan thanh', 248),
	(1148, 'tanthanh', 248),
	(1149, 'tan thoi hoa', 250),
	(1150, 'tanthoihoa', 250),
	(1151, 'tay thanh', 260),
	(1152, 'taythanh', 260),
	(1153, 'an lac', 165),
	(1154, 'anlac', 165),
	(1155, 'an lac a', 166),
	(1156, 'anlaca', 166),
	(1157, 'tan tao', 246),
	(1158, 'tantao', 246),
	(1159, 'tan tao a', 247),
	(1160, 'tantaoa', 247),
	(1161, 'binh tri dong', 180),
	(1162, 'binhtridong', 180),
	(1163, 'binh tri dong a', 181),
	(1164, 'binhtridonga', 181),
	(1165, 'binh tri dong b', 182),
	(1166, 'binhtridongb', 182),
	(1167, 'binh hung hoa', 174),
	(1168, 'binhhunghoa', 174),
	(1169, 'binh hung hoa a', 175),
	(1170, 'binhhunghoaa', 175),
	(1171, 'binh hung hoa b', 176),
	(1172, 'binhhunghoab', 176),
	(1173, 'p 17', 144),
	(1174, 'p muoi bay', 144),
	(1175, 'p.17', 144),
	(1176, 'p.muoi bay', 144),
	(1177, 'p.muoibay', 144),
	(1178, 'p17', 144),
	(1179, 'ph 17', 144),
	(1180, 'ph muoi bay', 144),
	(1181, 'ph.17', 144),
	(1182, 'ph.muoi bay', 144),
	(1183, 'ph.muoibay', 144),
	(1184, 'ph17', 144),
	(1185, 'phmuoibay', 144),
	(1186, 'phuog 17', 144),
	(1187, 'phuog muoi bay', 144),
	(1188, 'phuog17', 144),
	(1189, 'phuogmuoibay', 144),
	(1190, 'phuong 17', 144),
	(1191, 'phuong muoi bay', 144),
	(1192, 'phuong17', 144),
	(1193, 'phuongmuoibay', 144),
	(1194, 'pmuoibay', 144),
	(1195, 'p 19', 146),
	(1196, 'p muoi chin', 146),
	(1197, 'p.19', 146),
	(1198, 'p.muoi chin', 146),
	(1199, 'p.muoichin', 146),
	(1200, 'p19', 146),
	(1201, 'ph 19', 146),
	(1202, 'ph muoi chin', 146),
	(1203, 'ph.19', 146),
	(1204, 'ph.muoi chin', 146),
	(1205, 'ph.muoichin', 146),
	(1206, 'ph19', 146),
	(1207, 'phmuoichin', 146),
	(1208, 'phuog 19', 146),
	(1209, 'phuog muoi chin', 146),
	(1210, 'phuog19', 146),
	(1211, 'phuogmuoichin', 146),
	(1212, 'phuong 19', 146),
	(1213, 'phuong muoi chin', 146),
	(1214, 'phuong19', 146),
	(1215, 'phuongmuoichin', 146),
	(1216, 'pmuoichin', 146),
	(1217, 'p 20', 148),
	(1218, 'p hai muoi', 148),
	(1219, 'p.20', 148),
	(1220, 'p.hai muoi', 148),
	(1221, 'p.haimuoi', 148),
	(1222, 'p20', 148),
	(1223, 'ph 20', 148),
	(1224, 'ph hai muoi', 148),
	(1225, 'ph.20', 148),
	(1226, 'ph.hai muoi', 148),
	(1227, 'ph.haimuoi', 148),
	(1228, 'ph20', 148),
	(1229, 'phaimuoi', 148),
	(1230, 'phhaimuoi', 148),
	(1231, 'phuog 20', 148),
	(1232, 'phuog hai muoi', 148),
	(1233, 'phuog20', 148),
	(1234, 'phuoghaimuoi', 148),
	(1235, 'phuong 20', 148),
	(1236, 'phuong hai muoi', 148),
	(1237, 'phuong20', 148),
	(1238, 'phuonghaimuoi', 148),
	(1239, 'p 21', 149),
	(1240, 'p hai mot', 149),
	(1241, 'p hai muoi mot', 149),
	(1242, 'p.21', 149),
	(1243, 'p.hai mot', 149),
	(1244, 'p.hai muoi mot', 149),
	(1245, 'p.haimot', 149),
	(1246, 'p.haimuoimot', 149),
	(1247, 'p21', 149),
	(1248, 'ph 21', 149),
	(1249, 'ph hai mot', 149),
	(1250, 'ph hai muoi mot', 149),
	(1251, 'ph.21', 149),
	(1252, 'ph.hai mot', 149),
	(1253, 'ph.hai muoi mot', 149),
	(1254, 'ph.haimot', 149),
	(1255, 'ph.haimuoimot', 149),
	(1256, 'ph21', 149),
	(1257, 'phaimot', 149),
	(1258, 'phaimuoimot', 149),
	(1259, 'phhaimot', 149),
	(1260, 'phhaimuoimot', 149),
	(1261, 'phuog 21', 149),
	(1262, 'phuog hai mot', 149),
	(1263, 'phuog hai muoi mot', 149),
	(1264, 'phuog21', 149),
	(1265, 'phuoghaimot', 149),
	(1266, 'phuoghaimuoimot', 149),
	(1267, 'phuong 21', 149),
	(1268, 'phuong hai mot', 149),
	(1269, 'phuong hai muoi mot', 149),
	(1270, 'phuong21', 149),
	(1271, 'phuonghaimot', 149),
	(1272, 'phuonghaimuoimot', 149),
	(1273, 'p 22', 150),
	(1274, 'p hai hai', 150),
	(1275, 'p hai muoi hai', 150),
	(1276, 'p.22', 150),
	(1277, 'p.hai hai', 150),
	(1278, 'p.hai muoi hai', 150),
	(1279, 'p.haihai', 150),
	(1280, 'p.haimuoihai', 150),
	(1281, 'p22', 150),
	(1282, 'ph 22', 150),
	(1283, 'ph hai hai', 150),
	(1284, 'ph hai muoi hai', 150),
	(1285, 'ph.22', 150),
	(1286, 'ph.hai hai', 150),
	(1287, 'ph.hai muoi hai', 150),
	(1288, 'ph.haihai', 150),
	(1289, 'ph.haimuoihai', 150),
	(1290, 'ph22', 150),
	(1291, 'phaihai', 150),
	(1292, 'phaimuoihai', 150),
	(1293, 'phhaihai', 150),
	(1294, 'phhaimuoihai', 150),
	(1295, 'phuog 22', 150),
	(1296, 'phuog hai hai', 150),
	(1297, 'phuog hai muoi hai', 150),
	(1298, 'phuog22', 150),
	(1299, 'phuoghaihai', 150),
	(1300, 'phuoghaimuoihai', 150),
	(1301, 'phuong 22', 150),
	(1302, 'phuong hai hai', 150),
	(1303, 'phuong hai muoi hai', 150),
	(1304, 'phuong22', 150),
	(1305, 'phuonghaihai', 150),
	(1306, 'phuonghaimuoihai', 150),
	(1307, 'p 24', 152),
	(1308, 'p hai bon', 152),
	(1309, 'p hai muoi bon', 152),
	(1310, 'p.24', 152),
	(1311, 'p.hai bon', 152),
	(1312, 'p.hai muoi bon', 152),
	(1313, 'p.haibon', 152),
	(1314, 'p.haimuoibon', 152),
	(1315, 'p24', 152),
	(1316, 'ph 24', 152),
	(1317, 'ph hai bon', 152),
	(1318, 'ph hai muoi bon', 152),
	(1319, 'ph.24', 152),
	(1320, 'ph.hai bon', 152),
	(1321, 'ph.hai muoi bon', 152),
	(1322, 'ph.haibon', 152),
	(1323, 'ph.haimuoibon', 152),
	(1324, 'ph24', 152),
	(1325, 'phaibon', 152),
	(1326, 'phaimuoibon', 152),
	(1327, 'phhaibon', 152),
	(1328, 'phhaimuoibon', 152),
	(1329, 'phuog 24', 152),
	(1330, 'phuog hai bon', 152),
	(1331, 'phuog hai muoi bon', 152),
	(1332, 'phuog24', 152),
	(1333, 'phuoghaibon', 152),
	(1334, 'phuoghaimuoibon', 152),
	(1335, 'phuong 24', 152),
	(1336, 'phuong hai bon', 152),
	(1337, 'phuong hai muoi bon', 152),
	(1338, 'phuong24', 152),
	(1339, 'phuonghaibon', 152),
	(1340, 'phuonghaimuoibon', 152),
	(1341, 'p 25', 153),
	(1342, 'p hai lam', 153),
	(1343, 'p hai muoi lam', 153),
	(1344, 'p.25', 153),
	(1345, 'p.hai lam', 153),
	(1346, 'p.hai muoi lam', 153),
	(1347, 'p.hailam', 153),
	(1348, 'p.haimuoilam', 153),
	(1349, 'p25', 153),
	(1350, 'ph 25', 153),
	(1351, 'ph hai lam', 153),
	(1352, 'ph hai muoi lam', 153),
	(1353, 'ph.25', 153),
	(1354, 'ph.hai lam', 153),
	(1355, 'ph.hai muoi lam', 153),
	(1356, 'ph.hailam', 153),
	(1357, 'ph.haimuoilam', 153),
	(1358, 'ph25', 153),
	(1359, 'phailam', 153),
	(1360, 'phaimuoilam', 153),
	(1361, 'phhailam', 153),
	(1362, 'phhaimuoilam', 153),
	(1363, 'phuog 25', 153),
	(1364, 'phuog hai lam', 153),
	(1365, 'phuog hai muoi lam', 153),
	(1366, 'phuog25', 153),
	(1367, 'phuoghailam', 153),
	(1368, 'phuoghaimuoilam', 153),
	(1369, 'phuong 25', 153),
	(1370, 'phuong hai lam', 153),
	(1371, 'phuong hai muoi lam', 153),
	(1372, 'phuong25', 153),
	(1373, 'phuonghailam', 153),
	(1374, 'phuonghaimuoilam', 153),
	(1375, 'p 26', 154),
	(1376, 'p hai muoi sau', 154),
	(1377, 'p hai sau', 154),
	(1378, 'p.26', 154),
	(1379, 'p.hai muoi sau', 154),
	(1380, 'p.hai sau', 154),
	(1381, 'p.haimuoisau', 154),
	(1382, 'p.haisau', 154),
	(1383, 'p26', 154),
	(1384, 'ph 26', 154),
	(1385, 'ph hai muoi sau', 154),
	(1386, 'ph hai sau', 154),
	(1387, 'ph.26', 154),
	(1388, 'ph.hai muoi sau', 154),
	(1389, 'ph.hai sau', 154),
	(1390, 'ph.haimuoisau', 154),
	(1391, 'ph.haisau', 154),
	(1392, 'ph26', 154),
	(1393, 'phaimuoisau', 154),
	(1394, 'phaisau', 154),
	(1395, 'phhaimuoisau', 154),
	(1396, 'phhaisau', 154),
	(1397, 'phuog 26', 154),
	(1398, 'phuog hai muoi sau', 154),
	(1399, 'phuog hai sau', 154),
	(1400, 'phuog26', 154),
	(1401, 'phuoghaimuoisau', 154),
	(1402, 'phuoghaisau', 154),
	(1403, 'phuong 26', 154),
	(1404, 'phuong hai muoi sau', 154),
	(1405, 'phuong hai sau', 154),
	(1406, 'phuong26', 154),
	(1407, 'phuonghaimuoisau', 154),
	(1408, 'phuonghaisau', 154),
	(1409, 'tan thuan dong', 254),
	(1410, 'tanthuandong', 254),
	(1411, 'tan hung', 236),
	(1412, 'tanhung', 236),
	(1413, 'tan qui', 243),
	(1414, 'tan quy', 243),
	(1415, 'tanqui', 243),
	(1416, 'tanquy', 243),
	(1417, 'tan phong', 241),
	(1418, 'tanphong', 241),
	(1419, 'tan thuan tay', 255),
	(1420, 'tanthuantay', 255),
	(1421, 'phu mi', 217),
	(1422, 'phu my', 217),
	(1423, 'phumi', 217),
	(1424, 'phumy', 217),
	(1425, 'binh thuan', 179),
	(1426, 'binhthuan', 179),
	(1427, 'phu thuan', 220),
	(1428, 'phuthuan', 220),
	(1429, 'tan kien', 238),
	(1430, 'tan kieng', 238),
	(1431, 'tankien', 238),
	(1432, 'tankieng', 238),
	(1433, 'tan thuan', 253),
	(1434, 'tanthuan', 253),
	(1435, '1', 136),
	(1436, '2', 147),
	(1437, '3', 157),
	(1438, '4', 158),
	(1439, '5', 159),
	(1440, '6', 160),
	(1441, '7', 161),
	(1442, '8', 162),
	(1443, '9', 163),
	(1444, '10', 137),
	(1445, '11', 138),
	(1446, '12', 139),
	(1447, '13', 140),
	(1448, '14', 141),
	(1449, '15', 142),
	(1450, '16', 143),
	(1451, '17', 144),
	(1452, '18', 145),
	(1453, '19', 146),
	(1454, '20', 148),
	(1455, '21', 149),
	(1456, '22', 150),
	(1457, '23', 151),
	(1458, '24', 152),
	(1459, '25', 153),
	(1460, '26', 154),
	(1461, 'an khanh', 164),
	(1462, 'ankhanh', 164),
	(1463, 'a khanh', 164),
	(1464, 'a k', 164),
	(1465, 'a lac', 165),
	(1466, 'a lac a', 166),
	(1467, 'an phu', 167),
	(1468, 'a phu', 167),
	(1469, 'anphu', 167),
	(1470, 'an phu dong', 168),
	(1471, 'an ph dong', 168),
	(1472, 'an p dong', 168),
	(1473, 'anpdong', 168),
	(1474, 'apdong', 168),
	(1475, 'ba diem', 169),
	(1476, 'badiem', 169),
	(1477, 'b diem', 169),
	(1478, 'b nghe', 170),
	(1479, 'bnghe', 170),
	(1480, 'b thanh', 171),
	(1481, 'benthan', 171),
	(1482, 'bthanh', 171),
	(1483, 'binh an', 172),
	(1484, 'binhan', 172),
	(1485, 'binh chieu', 173),
	(1486, 'b chieu', 173),
	(1487, 'binhchieu', 173),
	(1488, 'bchieu', 173),
	(1489, 'binh h hoa', 174),
	(1490, 'b h hoa', 174),
	(1491, 'bhhoa', 174),
	(1492, 'binh h hoa a', 175),
	(1493, 'b h hoa a', 175),
	(1494, 'bhunghoaa', 175),
	(1495, 'bhhoaa', 175),
	(1496, 'binh h hoa b', 176),
	(1497, 'b h hoa b', 176),
	(1498, 'bhhoab', 176),
	(1499, 'bbhb', 176),
	(1500, 'binh khanh', 177);
/*!40000 ALTER TABLE `tukhoaphuong` ENABLE KEYS */;


-- Dumping structure for table vnfinder.tukhoaquanhuyen
CREATE TABLE IF NOT EXISTS `tukhoaquanhuyen` (
  `MaTuKhoaQuanHuyen` int(11) NOT NULL AUTO_INCREMENT,
  `TuKhoaQuanHuyen` varchar(64) DEFAULT NULL,
  `MaQuanHuyen` int(11) DEFAULT NULL,
  PRIMARY KEY (`MaTuKhoaQuanHuyen`)
) ENGINE=InnoDB AUTO_INCREMENT=301 DEFAULT CHARSET=utf8;

-- Dumping data for table vnfinder.tukhoaquanhuyen: ~108 rows (approximately)
/*!40000 ALTER TABLE `tukhoaquanhuyen` DISABLE KEYS */;
INSERT INTO `tukhoaquanhuyen` (`MaTuKhoaQuanHuyen`, `TuKhoaQuanHuyen`, `MaQuanHuyen`) VALUES
	(193, '1', 26),
	(194, 'q 1', 26),
	(195, 'q mot', 26),
	(196, 'q nhat', 26),
	(197, 'q.1', 26),
	(198, 'q.mot', 26),
	(199, 'q.nhat', 26),
	(200, 'q1', 26),
	(201, 'qmot', 26),
	(202, 'qnhat', 26),
	(203, 'qu 1', 26),
	(204, 'qu mot', 26),
	(205, 'qu nhat', 26),
	(206, 'qu.1', 26),
	(207, 'qu.mot', 26),
	(208, 'qu.nhat', 26),
	(209, 'qu1', 26),
	(210, 'quan 1', 26),
	(211, 'quan mot', 26),
	(212, 'quan nhat', 26),
	(213, 'quan1', 26),
	(214, 'quanmot', 26),
	(215, 'quannhat', 26),
	(216, 'qumot', 26),
	(217, 'qunhat', 26),
	(218, 'tan binh', 27),
	(219, 'tanbinh', 27),
	(220, 'q.tanbinh', 27),
	(221, 'tbinh', 27),
	(222, 'q.tbinh', 27),
	(223, 'q.tb', 27),
	(224, 'tb', 27),
	(225, 'quan tan binh', 27),
	(226, 'tan bih', 27),
	(227, 'tanbih', 27),
	(228, '4', 28),
	(229, 'q 4', 28),
	(230, 'q bon', 28),
	(231, 'q tu', 28),
	(232, 'q.4', 28),
	(233, 'q.bon', 28),
	(234, 'q.tu', 28),
	(235, 'q4', 28),
	(236, 'qbon', 28),
	(237, 'qtu', 28),
	(238, 'qu 4', 28),
	(239, 'qu bon', 28),
	(240, 'qu tu', 28),
	(241, 'qu.4', 28),
	(242, 'qu.bon', 28),
	(243, 'qu.tu', 28),
	(244, 'qu4', 28),
	(245, 'quan 4', 28),
	(246, 'quan bon', 28),
	(247, 'quan tu', 28),
	(248, 'quan4', 28),
	(249, 'quanbon', 28),
	(250, 'quantu', 28),
	(251, 'qubon', 28),
	(252, 'qutu', 28),
	(253, '5', 29),
	(254, 'q 5', 29),
	(255, 'q nam', 29),
	(256, 'q.5', 29),
	(257, 'q.nam', 29),
	(258, 'q5', 29),
	(259, 'qnam', 29),
	(260, 'qu 5', 29),
	(261, 'qu nam', 29),
	(262, 'qu.5', 29),
	(263, 'qu.nam', 29),
	(264, 'qu5', 29),
	(265, 'quan 5', 29),
	(266, 'quan nam', 29),
	(267, 'quan5', 29),
	(268, 'quannam', 29),
	(269, 'qunam', 29),
	(270, '6', 30),
	(271, 'q 6', 30),
	(272, 'q sau', 30),
	(273, 'q.6', 30),
	(274, 'q.sau', 30),
	(275, 'q6', 30),
	(276, 'qsau', 30),
	(277, 'qu 6', 30),
	(278, 'qu sau', 30),
	(279, 'qu.6', 30),
	(280, 'qu.sau', 30),
	(281, 'qu6', 30),
	(282, 'quan 6', 30),
	(283, 'quan sau', 30),
	(284, 'quan6', 30),
	(285, 'quansau', 30),
	(286, 'qusau', 30),
	(287, '8', 31),
	(288, 'q 8', 31),
	(289, 'q tam', 31),
	(290, 'q.8', 31),
	(291, 'q.tam', 31),
	(292, 'q8', 31),
	(293, 'qtam', 31),
	(294, 'qu 8', 31),
	(295, 'qu tam', 31),
	(296, 'qu.8', 31),
	(297, 'qu.tam', 31),
	(298, 'qu8', 31),
	(299, 'quan 8', 31),
	(300, 'quan tam', 31);
/*!40000 ALTER TABLE `tukhoaquanhuyen` ENABLE KEYS */;


-- Dumping structure for table vnfinder.tukhoatinhthanh
CREATE TABLE IF NOT EXISTS `tukhoatinhthanh` (
  `MaTuKhoaTinhThanh` int(11) NOT NULL AUTO_INCREMENT,
  `TuKhoaTinhThanh` varchar(64) DEFAULT NULL,
  `MaTinhThanh` int(11) DEFAULT NULL,
  PRIMARY KEY (`MaTuKhoaTinhThanh`)
) ENGINE=InnoDB AUTO_INCREMENT=75 DEFAULT CHARSET=utf8;

-- Dumping data for table vnfinder.tukhoatinhthanh: ~4 rows (approximately)
/*!40000 ALTER TABLE `tukhoatinhthanh` DISABLE KEYS */;
INSERT INTO `tukhoatinhthanh` (`MaTuKhoaTinhThanh`, `TuKhoaTinhThanh`, `MaTinhThanh`) VALUES
	(71, 'ho chi minh', 16),
	(72, 'hồ chí minh', 16),
	(73, 'hcm', 16),
	(74, 'hochiminh', 16);
/*!40000 ALTER TABLE `tukhoatinhthanh` ENABLE KEYS */;


-- Dumping structure for table vnfinder.users
CREATE TABLE IF NOT EXISTS `users` (
  `user_name` char(30) CHARACTER SET latin1 NOT NULL,
  `user_password` char(20) CHARACTER SET latin1 NOT NULL,
  `created_day` date DEFAULT NULL,
  `isadmin` tinyint(4) DEFAULT NULL
) ENGINE=InnoDB DEFAULT CHARSET=utf8;

-- Dumping data for table vnfinder.users: ~8 rows (approximately)
/*!40000 ALTER TABLE `users` DISABLE KEYS */;
INSERT INTO `users` (`user_name`, `user_password`, `created_day`, `isadmin`) VALUES
	('tamle', '123456', '2016-10-09', 1),
	('phuoctran', '123456', '2016-10-10', 1),
	('abc', '123456', '2016-10-10', 1),
	('taichodien', '123456', '2016-10-11', 1),
	('tamle', '123456', '2016-10-09', 1),
	('phuoctran', '123456', '2016-10-10', 1),
	('abc', '123456', '2016-10-10', 1),
	('taichodien', '123456', '2016-10-11', 1);
/*!40000 ALTER TABLE `users` ENABLE KEYS */;
/*!40101 SET SQL_MODE=IFNULL(@OLD_SQL_MODE, '') */;
/*!40014 SET FOREIGN_KEY_CHECKS=IF(@OLD_FOREIGN_KEY_CHECKS IS NULL, 1, @OLD_FOREIGN_KEY_CHECKS) */;
/*!40101 SET CHARACTER_SET_CLIENT=@OLD_CHARACTER_SET_CLIENT */;
